"Минер","Дата","ID товара","Товар","Количество"
"Kurik_One","01.01.2021","86154","АЛЬФА-ПВП  ""кристалл  Import""  NEW","0,25"
"Kurik_One","01.01.2021","86154","АЛЬФА-ПВП  ""кристалл  Import""  NEW","0,25"
"Kurik_One","01.01.2021","86154","АЛЬФА-ПВП  ""кристалл  Import""  NEW","0,25"
"Kurik_One","01.01.2021","86154","АЛЬФА-ПВП  ""кристалл  Import""  NEW","0,25"
"Kurik_One","01.01.2021","86154","АЛЬФА-ПВП  ""кристалл  Import""  NEW","0,5"
"Kurik_One","01.01.2021","86154","АЛЬФА-ПВП  ""кристалл  Import""  NEW","0,25"
"Kurik_One","01.01.2021","86154","АЛЬФА-ПВП  ""кристалл  Import""  NEW","0,25"
"westmuslimchaika","01.12.2020","92772","[NEW!] МЕФЕДРОН CRYSTAL STONE","3"
"westmuslimchaika","01.12.2020","92772","[NEW!] МЕФЕДРОН CRYSTAL STONE","2"
"westmuslimchaika","01.12.2020","92772","[NEW!] МЕФЕДРОН CRYSTAL STONE","1"
"westmuslimchaika","01.12.2020","92772","[NEW!] МЕФЕДРОН CRYSTAL STONE","0,5"
"westmuslimchaika","01.12.2020","92772","[NEW!] МЕФЕДРОН CRYSTAL STONE","0,5"
"westmuslimchaika","01.12.2020","92772","[NEW!] МЕФЕДРОН CRYSTAL STONE","0,5"
"Muslimchaika","01.12.2020","90389","МЕТАДОН import ","0,5"
"Muslimchaika","01.12.2020","90389","МЕТАДОН import ","0,5"
"Muslimchaika","01.12.2020","90389","МЕТАДОН import ","1"
"Muslimchaika","01.12.2020","90389","МЕТАДОН import ","1"
"Muslimchaika","01.12.2020","90389","МЕТАДОН import ","0,25"
"Muslimchaika","01.12.2020","90389","МЕТАДОН import ","0,5"
"westmuslimchaika","01.12.2020","90389","МЕТАДОН import ","1"
"Muslimchaika","01.12.2020","90389","МЕТАДОН import ","1"
"Muslimchaika","01.12.2020","90389","МЕТАДОН import ","0,5"
"westmuslimchaika","01.12.2020","86154","АЛЬФА-ПВП  ""кристалл  Import""  NEW","10"
"Muslimchaika","01.12.2020","86154","АЛЬФА-ПВП  ""кристалл  Import""  NEW","2"
"westmuslimchaika","01.12.2020","86154","АЛЬФА-ПВП  ""кристалл  Import""  NEW","20"
"Kurik_One","02.01.2021","86154","АЛЬФА-ПВП  ""кристалл  Import""  NEW","0,5"
"Kurik_One","02.01.2021","86154","АЛЬФА-ПВП  ""кристалл  Import""  NEW","0,5"
"Kurik_One","02.01.2021","86154","АЛЬФА-ПВП  ""кристалл  Import""  NEW","0,5"
"Kurik_One","02.01.2021","86154","АЛЬФА-ПВП  ""кристалл  Import""  NEW","0,25"
"Kurik_One","02.01.2021","86154","АЛЬФА-ПВП  ""кристалл  Import""  NEW","0,5"
"Kurik_One","02.01.2021","86154","АЛЬФА-ПВП  ""кристалл  Import""  NEW","0,5"
"Kurik_One","02.01.2021","86154","АЛЬФА-ПВП  ""кристалл  Import""  NEW","0,5"
"Kurik_One","02.01.2021","86154","АЛЬФА-ПВП  ""кристалл  Import""  NEW","0,5"
"Kurik_One","02.01.2021","86154","АЛЬФА-ПВП  ""кристалл  Import""  NEW","0,5"
"Kurik_One","02.01.2021","86154","АЛЬФА-ПВП  ""кристалл  Import""  NEW","2"
"Muslimchaika","02.01.2021","86154","АЛЬФА-ПВП  ""кристалл  Import""  NEW","1"
"Muslimchaika","02.01.2021","86154","АЛЬФА-ПВП  ""кристалл  Import""  NEW","2"
"Kurik_One","02.01.2021","86154","АЛЬФА-ПВП  ""кристалл  Import""  NEW","0,25"
"Kurik_One","02.01.2021","86154","АЛЬФА-ПВП  ""кристалл  Import""  NEW","0,25"
"Kurik_One","02.01.2021","86154","АЛЬФА-ПВП  ""кристалл  Import""  NEW","0,25"
"Kurik_One","02.01.2021","86154","АЛЬФА-ПВП  ""кристалл  Import""  NEW","0,25"
"Kurik_One","02.01.2021","86154","АЛЬФА-ПВП  ""кристалл  Import""  NEW","0,25"
"Kurik_One","02.01.2021","86154","АЛЬФА-ПВП  ""кристалл  Import""  NEW","0,25"
"Kurik_One","02.01.2021","86154","АЛЬФА-ПВП  ""кристалл  Import""  NEW","0,25"
"Kurik_One","02.01.2021","86154","АЛЬФА-ПВП  ""кристалл  Import""  NEW","0,25"
"westmuslimchaika","02.01.2021","86154","АЛЬФА-ПВП  ""кристалл  Import""  NEW","2,5"
"westmuslimchaika","02.01.2021","86154","АЛЬФА-ПВП ""DIAMOND PREMIUM""","2,5"
"westmuslimchaika","02.01.2021","221709","КОКАИН Колумбия FishScale","0.33"
"Muslimchaika","02.01.2021","86154","АЛЬФА-ПВП  ""кристалл  Import""  NEW","1"
"Kurik_One","02.01.2021","86154","АЛЬФА-ПВП  ""кристалл  Import""  NEW","0,25"
"Kurik_One","02.01.2021","86154","АЛЬФА-ПВП  ""кристалл  Import""  NEW","0,25"
"Muslimchaika","02.12.2020","86154","АЛЬФА-ПВП  ""кристалл  Import""  NEW","1"
"westmuslimchaika","02.12.2020","91842","Ice-o-Lator CRITICAL 2020","0,5"
"westmuslimchaika","02.12.2020","90389","МЕТАДОН import ","2"
"Muslimchaika","02.12.2020","86154","АЛЬФА-ПВП  ""кристалл  Import""  NEW","1"
"Muslimchaika","02.12.2020","86154","АЛЬФА-ПВП  ""кристалл  Import""  NEW","1"
"Muslimchaika","02.12.2020","86154","АЛЬФА-ПВП  ""кристалл  Import""  NEW","1"
"Muslimchaika","02.12.2020","86154","АЛЬФА-ПВП  ""кристалл  Import""  NEW","1"
"Muslimchaika","02.12.2020","86154","АЛЬФА-ПВП  ""кристалл  Import""  NEW","1"
"Muslimchaika","02.12.2020","86154","АЛЬФА-ПВП  ""кристалл  Import""  NEW","2"
"Muslimchaika","02.12.2020","86154","АЛЬФА-ПВП  ""кристалл  Import""  NEW","2"
"Muslimchaika","02.12.2020","86154","АЛЬФА-ПВП  ""кристалл  Import""  NEW","2"
"Muslimchaika","02.12.2020","86154","АЛЬФА-ПВП  ""кристалл  Import""  NEW","3"
"westmuslimchaika","02.12.2020","91842","Ice-o-Lator CRITICAL 2020","1"
"Muslimchaika","02.12.2020","86154","АЛЬФА-ПВП  ""кристалл  Import""  NEW","1"
"Muslimchaika","02.12.2020","86154","АЛЬФА-ПВП  ""кристалл  Import""  NEW","1"
"Muslimchaika","03.01.2021","86154","АЛЬФА-ПВП  ""кристалл  Import""  NEW","2"
"Muslimchaika","03.01.2021","86154","АЛЬФА-ПВП  ""кристалл  Import""  NEW","1"
"Muslimchaika","03.01.2021","86154","АЛЬФА-ПВП  ""кристалл  Import""  NEW","2"
"westmuslimchaika","03.01.2021","86154","АЛЬФА-ПВП  ""кристалл  Import""  NEW","5"
"Muslimchaika","03.01.2021","86154","АЛЬФА-ПВП  ""кристалл  Import""  NEW","2"
"Muslimchaika","03.01.2021","86154","АЛЬФА-ПВП  ""кристалл  Import""  NEW","2"
"Muslimchaika","03.01.2021","86154","АЛЬФА-ПВП  ""кристалл  Import""  NEW","1"
"Muslimchaika","03.01.2021","86154","АЛЬФА-ПВП  ""кристалл  Import""  NEW","2"
"Muslimchaika","03.01.2021","86154","АЛЬФА-ПВП  ""кристалл  Import""  NEW","1"
"Kurik_One","03.01.2021","86154","АЛЬФА-ПВП  ""кристалл  Import""  NEW","0,25"
"Muslimchaika","03.01.2021","86154","АЛЬФА-ПВП  ""кристалл  Import""  NEW","5"
"Muslimchaika","03.01.2021","86154","АЛЬФА-ПВП  ""кристалл  Import""  NEW","1"
"Muslimchaika","03.01.2021","86154","АЛЬФА-ПВП  ""кристалл  Import""  NEW","1"
"Muslimchaika","03.01.2021","86154","АЛЬФА-ПВП  ""кристалл  Import""  NEW","1"
"Kurik_One","03.01.2021","86154","АЛЬФА-ПВП  ""кристалл  Import""  NEW","0,25"
"Kurik_One","03.01.2021","86154","АЛЬФА-ПВП  ""кристалл  Import""  NEW","0,25"
"Muslimchaika","03.01.2021","86154","АЛЬФА-ПВП  ""кристалл  Import""  NEW","5"
"Muslimchaika","03.01.2021","86154","АЛЬФА-ПВП  ""кристалл  Import""  NEW","1"
"Muslimchaika","03.01.2021","91842","Ice-o-Lator CRITICAL 2020","1"
"Muslimchaika","03.01.2021","86154","АЛЬФА-ПВП  ""кристалл  Import""  NEW","5"
"Muslimchaika","03.01.2021","86154","АЛЬФА-ПВП  ""кристалл  Import""  NEW","2"
"westmuslimchaika","03.01.2021","86154","АЛЬФА-ПВП  ""кристалл  Import""  NEW","10"
"Muslimchaika","03.01.2021","91842","Ice-o-Lator CRITICAL 2020","5"
"westmuslimchaika","03.01.2021","86154","АЛЬФА-ПВП  ""кристалл  Import""  NEW","20"
"westmuslimchaika","03.01.2021","86154","АЛЬФА-ПВП  ""кристалл  Import""  NEW","5"
"Muslimchaika","03.01.2021","86154","АЛЬФА-ПВП  ""кристалл  Import""  NEW","1"
"Muslimchaika","03.01.2021","86154","АЛЬФА-ПВП  ""кристалл  Import""  NEW","1"
"Muslimchaika","03.01.2021","86154","АЛЬФА-ПВП  ""кристалл  Import""  NEW","1"
"Muslimchaika","03.01.2021","86154","АЛЬФА-ПВП  ""кристалл  Import""  NEW","1"
"Muslimchaika","03.01.2021","86154","АЛЬФА-ПВП  ""кристалл  Import""  NEW","1"
"Muslimchaika","03.01.2021","86154","АЛЬФА-ПВП  ""кристалл  Import""  NEW","2"
"Muslimchaika","03.01.2021","86154","АЛЬФА-ПВП  ""кристалл  Import""  NEW","2"
"westmuslimchaika","03.12.2020","90389","МЕТАДОН import ","0,15"
"westmuslimchaika","03.12.2020","90389","МЕТАДОН import ","0,15"
"Muslimchaika","03.12.2020","86154","АЛЬФА-ПВП  ""кристалл  Import""  NEW","0,5"
"Muslimchaika","03.12.2020","86154","АЛЬФА-ПВП  ""кристалл  Import""  NEW","0,5"
"Muslimchaika","03.12.2020","86154","АЛЬФА-ПВП  ""кристалл  Import""  NEW","1"
"Muslimchaika","03.12.2020","86154","АЛЬФА-ПВП  ""кристалл  Import""  NEW","1"
"Muslimchaika","03.12.2020","91842","Ice-o-Lator CRITICAL 2020","2"
"Muslimchaika","03.12.2020","86154","АЛЬФА-ПВП  ""кристалл  Import""  NEW","0,5"
"Muslimchaika","04.01.2021","86154","АЛЬФА-ПВП  ""кристалл  Import""  NEW","2"
"Muslimchaika","04.01.2021","86154","АЛЬФА-ПВП  ""кристалл  Import""  NEW","1"
"Muslimchaika","04.01.2021","86154","АЛЬФА-ПВП  ""кристалл  Import""  NEW","1"
"Muslimchaika","04.01.2021","86154","АЛЬФА-ПВП  ""кристалл  Import""  NEW","2"
"Muslimchaika","04.01.2021","86154","АЛЬФА-ПВП  ""кристалл  Import""  NEW","2"
"Muslimchaika","04.01.2021","86154","АЛЬФА-ПВП  ""кристалл  Import""  NEW","1"
"Kurik_One","04.01.2021","86154","АЛЬФА-ПВП  ""кристалл  Import""  NEW","0,5"
"Muslimchaika","04.01.2021","86154","АЛЬФА-ПВП  ""кристалл  Import""  NEW","1"
"Muslimchaika","04.01.2021","86154","АЛЬФА-ПВП  ""кристалл  Import""  NEW","1"
"Muslimchaika","04.01.2021","86154","АЛЬФА-ПВП  ""кристалл  Import""  NEW","1"
"Muslimchaika","04.01.2021","86154","АЛЬФА-ПВП  ""кристалл  Import""  NEW","1"
"Kurik_One","04.01.2021","86154","АЛЬФА-ПВП  ""кристалл  Import""  NEW","0,5"
"Kurik_One","04.01.2021","86154","АЛЬФА-ПВП  ""кристалл  Import""  NEW","0,5"
"Kurik_One","04.01.2021","86154","АЛЬФА-ПВП  ""кристалл  Import""  NEW","0,25"
"Kurik_One","04.01.2021","86154","АЛЬФА-ПВП  ""кристалл  Import""  NEW","0,25"
"westmuslimchaika","04.01.2021","86154","АЛЬФА-ПВП ""DIAMOND PREMIUM""","2,5"
"westmuslimchaika","04.01.2021","86154","АЛЬФА-ПВП ""DIAMOND PREMIUM""","2,5"
"westmuslimchaika","04.01.2021","86154","АЛЬФА-ПВП ""DIAMOND PREMIUM""","0,55"
"westmuslimchaika","04.01.2021","86154","АЛЬФА-ПВП ""DIAMOND PREMIUM""","0,55"
"Muslimchaika","04.01.2021","86154","АЛЬФА-ПВП  ""кристалл  Import""  NEW","1"
"Muslimchaika","04.12.2020","86154","АЛЬФА-ПВП  ""кристалл  Import""  NEW","2"
"Muslimchaika","04.12.2020","91842","Ice-o-Lator CRITICAL 2020","1"
"westmuslimchaika","04.12.2020","86154","АЛЬФА-ПВП  ""кристалл  Import""  NEW","0,5"
"westmuslimchaika","04.12.2020","91842","Ice-o-Lator CRITICAL 2020","2"
"westmuslimchaika","04.12.2020","91842","Ice-o-Lator CRITICAL 2020","3"
"Emerictheevil","04.12.2020","90389","МЕТАДОН import ","0,25"
"westmuslimchaika","04.12.2020","86154","АЛЬФА-ПВП  ""кристалл  Import""  NEW","10"
"westmuslimchaika","04.12.2020","86154","АЛЬФА-ПВП  ""кристалл  Import""  NEW","0,5"
"Muslimchaika","04.12.2020","91842","Ice-o-Lator CRITICAL 2020","0,5"
"Muslimchaika","04.12.2020","90389","МЕТАДОН import ","0,5"
"Muslimchaika","04.12.2020","90389","МЕТАДОН import ","0,5"
"Muslimchaika","04.12.2020","91842","Ice-o-Lator CRITICAL 2020","1"
"westmuslimchaika","04.12.2020","86154","АЛЬФА-ПВП  ""кристалл  Import""  NEW","5"
"westmuslimchaika","04.12.2020","91842","Ice-o-Lator CRITICAL 2020","1"
"westmuslimchaika","04.12.2020","91842","Ice-o-Lator CRITICAL 2020","1"
"westmuslimchaika","04.12.2020","86154","АЛЬФА-ПВП  ""кристалл  Import""  NEW","0,5"
"westmuslimchaika","04.12.2020","86154","АЛЬФА-ПВП  ""кристалл  Import""  NEW","0,5"
"westmuslimchaika","04.12.2020","86154","АЛЬФА-ПВП  ""кристалл  Import""  NEW","0,5"
"westmuslimchaika","04.12.2020","86154","АЛЬФА-ПВП  ""кристалл  Import""  NEW","1"
"westmuslimchaika","04.12.2020","86154","АЛЬФА-ПВП  ""кристалл  Import""  NEW","1"
"westmuslimchaika","04.12.2020","90389","МЕТАДОН import ","0,15"
"Muslimchaika","04.12.2020","86154","АЛЬФА-ПВП  ""кристалл  Import""  NEW","2"
"Muslimchaika","05.01.2021","86154","АЛЬФА-ПВП  ""кристалл  Import""  NEW","5"
"westmuslimchaika","05.01.2021","86154","АЛЬФА-ПВП ""DIAMOND PREMIUM""","0,55"
"westmuslimchaika","05.01.2021","86154","АЛЬФА-ПВП ""DIAMOND PREMIUM""","0,55"
"westmuslimchaika","05.01.2021","86154","АЛЬФА-ПВП  ""кристалл  Import""  NEW","10"
"westmuslimchaika","05.01.2021","86154","АЛЬФА-ПВП  ""кристалл  Import""  NEW","5"
"westmuslimchaika","05.01.2021","86154","АЛЬФА-ПВП  ""кристалл  Import""  NEW","5"
"Muslimchaika","05.01.2021","86154","АЛЬФА-ПВП  ""кристалл  Import""  NEW","2"
"westmuslimchaika","05.01.2021","86154","АЛЬФА-ПВП ""DIAMOND PREMIUM""","0,55"
"Muslimchaika","05.01.2021","86154","АЛЬФА-ПВП  ""кристалл  Import""  NEW","1"
"Muslimchaika","05.01.2021","86154","АЛЬФА-ПВП  ""кристалл  Import""  NEW","1"
"Muslimchaika","05.01.2021","86154","АЛЬФА-ПВП  ""кристалл  Import""  NEW","1"
"Muslimchaika","05.01.2021","86154","АЛЬФА-ПВП  ""кристалл  Import""  NEW","1"
"Muslimchaika","05.01.2021","86154","АЛЬФА-ПВП  ""кристалл  Import""  NEW","1"
"Muslimchaika","05.01.2021","86154","АЛЬФА-ПВП  ""кристалл  Import""  NEW","2"
"Muslimchaika","05.01.2021","86154","АЛЬФА-ПВП  ""кристалл  Import""  NEW","2"
"Muslimchaika","05.01.2021","86154","АЛЬФА-ПВП  ""кристалл  Import""  NEW","2"
"Muslimchaika","05.01.2021","86154","АЛЬФА-ПВП  ""кристалл  Import""  NEW","2"
"Muslimchaika","05.01.2021","86154","АЛЬФА-ПВП  ""кристалл  Import""  NEW","2"
"Muslimchaika","05.01.2021","86154","АЛЬФА-ПВП  ""кристалл  Import""  NEW","2"
"Muslimchaika","05.01.2021","86154","АЛЬФА-ПВП  ""кристалл  Import""  NEW","5"
"westmuslimchaika","05.01.2021","86154","АЛЬФА-ПВП ""DIAMOND PREMIUM""","0,55"
"Muslimchaika","05.01.2021","86154","АЛЬФА-ПВП  ""кристалл  Import""  NEW","1"
"","05.01.2021","90389","МЕТАДОН import ","5"
"Lepardo0","05.12.2020","86154","АЛЬФА-ПВП  ""кристалл  Import""  NEW","0,5"
"Lepardo0","05.12.2020","86154","АЛЬФА-ПВП  ""кристалл  Import""  NEW","1"
"Lepardo0","05.12.2020","86154","АЛЬФА-ПВП  ""кристалл  Import""  NEW","1"
"Lepardo0","05.12.2020","86154","АЛЬФА-ПВП  ""кристалл  Import""  NEW","1"
"Lepardo0","05.12.2020","90389","МЕТАДОН import ","0,15"
"Lepardo0","05.12.2020","90389","МЕТАДОН import ","0,15"
"Lepardo0","05.12.2020","86154","АЛЬФА-ПВП  ""кристалл  Import""  NEW","0,5"
"Lepardo0","05.12.2020","90389","МЕТАДОН import ","0,15"
"Lepardo0","05.12.2020","86154","АЛЬФА-ПВП  ""кристалл  Import""  NEW","1"
"Lepardo0","05.12.2020","90389","МЕТАДОН import ","0,15"
"Lepardo0","05.12.2020","90389","МЕТАДОН import ","0,15"
"Lepardo0","05.12.2020","90389","МЕТАДОН import ","0,15"
"Lepardo0","05.12.2020","90389","МЕТАДОН import ","0,15"
"Lepardo0","05.12.2020","90389","МЕТАДОН import ","0,15"
"Muslimchaika","05.12.2020","90389","МЕТАДОН import ","0,5"
"Muslimchaika","05.12.2020","90389","МЕТАДОН import ","0,5"
"Muslimchaika","05.12.2020","86154","АЛЬФА-ПВП  ""кристалл  Import""  NEW","0,5"
"Lepardo0","05.12.2020","90389","МЕТАДОН import ","0,15"
"Lepardo0","05.12.2020","86154","АЛЬФА-ПВП  ""кристалл  Import""  NEW","1"
"Lepardo0","05.12.2020","90389","МЕТАДОН import ","0,15"
"Muslimchaika","05.12.2020","91842","Ice-o-Lator CRITICAL 2020","5"
"westmuslimchaika","05.12.2020","90389","МЕТАДОН import ","0,15"
"Lepardo0","05.12.2020","86154","АЛЬФА-ПВП  ""кристалл  Import""  NEW","0,5"
"Lepardo0","05.12.2020","86154","АЛЬФА-ПВП  ""кристалл  Import""  NEW","0,5"
"Lepardo0","05.12.2020","86154","АЛЬФА-ПВП  ""кристалл  Import""  NEW","0,5"
"Lepardo0","05.12.2020","86154","АЛЬФА-ПВП  ""кристалл  Import""  NEW","0.3"
"Lepardo0","05.12.2020","86154","АЛЬФА-ПВП  ""кристалл  Import""  NEW","0.3"
"Lepardo0","05.12.2020","86154","АЛЬФА-ПВП  ""кристалл  Import""  NEW","0.3"
"Lepardo0","05.12.2020","86154","АЛЬФА-ПВП  ""кристалл  Import""  NEW","0.3"
"Lepardo0","05.12.2020","86154","АЛЬФА-ПВП  ""кристалл  Import""  NEW","0,5"
"Lepardo0","05.12.2020","86154","АЛЬФА-ПВП  ""кристалл  Import""  NEW","0.3"
"Lepardo0","05.12.2020","86154","АЛЬФА-ПВП  ""кристалл  Import""  NEW","0.3"
"Lepardo0","05.12.2020","86154","АЛЬФА-ПВП  ""кристалл  Import""  NEW","0.3"
"Lepardo0","05.12.2020","86154","АЛЬФА-ПВП  ""кристалл  Import""  NEW","0.3"
"Lepardo0","05.12.2020","86154","АЛЬФА-ПВП  ""кристалл  Import""  NEW","0.3"
"Muslimchaika","05.12.2020","86154","АЛЬФА-ПВП  ""кристалл  Import""  NEW","1"
"Muslimchaika","05.12.2020","86154","АЛЬФА-ПВП  ""кристалл  Import""  NEW","1"
"Muslimchaika","05.12.2020","86154","АЛЬФА-ПВП  ""кристалл  Import""  NEW","0,5"
"Lepardo0","05.12.2020","86154","АЛЬФА-ПВП  ""кристалл  Import""  NEW","0.3"
"Lepardo0","06.01.2021","86154","АЛЬФА-ПВП  ""кристалл  Import""  NEW","0,5"
"Lepardo0","06.01.2021","86154","АЛЬФА-ПВП  ""кристалл  Import""  NEW","0,5"
"Lepardo0","06.01.2021","86154","АЛЬФА-ПВП  ""кристалл  Import""  NEW","0,5"
"Lepardo0","06.01.2021","86154","АЛЬФА-ПВП  ""кристалл  Import""  NEW","0,5"
"Lepardo0","06.01.2021","86154","АЛЬФА-ПВП  ""кристалл  Import""  NEW","0,5"
"Lepardo0","06.01.2021","86154","АЛЬФА-ПВП  ""кристалл  Import""  NEW","0,5"
"Lepardo0","06.01.2021","86154","АЛЬФА-ПВП  ""кристалл  Import""  NEW","0,5"
"Lepardo0","06.01.2021","86154","АЛЬФА-ПВП  ""кристалл  Import""  NEW","0,5"
"Lepardo0","06.01.2021","86154","АЛЬФА-ПВП  ""кристалл  Import""  NEW","0,5"
"Lepardo0","06.01.2021","86154","АЛЬФА-ПВП  ""кристалл  Import""  NEW","0,5"
"Lepardo0","06.01.2021","86154","АЛЬФА-ПВП  ""кристалл  Import""  NEW","0,5"
"Lepardo0","06.01.2021","86154","АЛЬФА-ПВП  ""кристалл  Import""  NEW","0,5"
"Muslimchaika","06.01.2021","86154","АЛЬФА-ПВП  ""кристалл  Import""  NEW","1"
"Muslimchaika","06.01.2021","86154","АЛЬФА-ПВП  ""кристалл  Import""  NEW","1"
"Muslimchaika","06.01.2021","86154","АЛЬФА-ПВП  ""кристалл  Import""  NEW","1"
"Lepardo0","06.01.2021","86154","АЛЬФА-ПВП  ""кристалл  Import""  NEW","0,5"
"Lepardo0","06.01.2021","86154","АЛЬФА-ПВП  ""кристалл  Import""  NEW","0,5"
"Kurik_One","06.01.2021","86154","АЛЬФА-ПВП  ""кристалл  Import""  NEW","0,5"
"Lepardo0","06.01.2021","86154","АЛЬФА-ПВП  ""кристалл  Import""  NEW","1"
"Muslimchaika","06.01.2021","86154","АЛЬФА-ПВП  ""кристалл  Import""  NEW","2"
"Kurik_One","06.01.2021","86154","АЛЬФА-ПВП  ""кристалл  Import""  NEW","0,5"
"Kurik_One","06.01.2021","86154","АЛЬФА-ПВП  ""кристалл  Import""  NEW","0,5"
"Kurik_One","06.01.2021","86154","АЛЬФА-ПВП  ""кристалл  Import""  NEW","0,5"
"Kurik_One","06.01.2021","86154","АЛЬФА-ПВП  ""кристалл  Import""  NEW","0,5"
"Kurik_One","06.01.2021","86154","АЛЬФА-ПВП  ""кристалл  Import""  NEW","0,5"
"Kurik_One","06.01.2021","86154","АЛЬФА-ПВП  ""кристалл  Import""  NEW","0,5"
"Kurik_One","06.01.2021","86154","АЛЬФА-ПВП  ""кристалл  Import""  NEW","0,5"
"Kurik_One","06.01.2021","86154","АЛЬФА-ПВП  ""кристалл  Import""  NEW","0,5"
"Muslimchaika","06.01.2021","86154","АЛЬФА-ПВП  ""кристалл  Import""  NEW","5"
"Lepardo0","06.01.2021","86154","АЛЬФА-ПВП  ""кристалл  Import""  NEW","5"
"Lepardo0","06.01.2021","86154","АЛЬФА-ПВП  ""кристалл  Import""  NEW","3"
"Lepardo0","06.01.2021","86154","АЛЬФА-ПВП  ""кристалл  Import""  NEW","3"
"Lepardo0","06.01.2021","86154","АЛЬФА-ПВП  ""кристалл  Import""  NEW","1"
"Lepardo0","06.01.2021","86154","АЛЬФА-ПВП  ""кристалл  Import""  NEW","1"
"Lepardo0","06.01.2021","86154","АЛЬФА-ПВП  ""кристалл  Import""  NEW","1"
"Lepardo0","06.01.2021","86154","АЛЬФА-ПВП  ""кристалл  Import""  NEW","1"
"Lepardo0","06.01.2021","86154","АЛЬФА-ПВП  ""кристалл  Import""  NEW","0,5"
"Muslimchaika","06.01.2021","86154","АЛЬФА-ПВП  ""кристалл  Import""  NEW","10"
"Kurik_One","06.01.2021","86154","АЛЬФА-ПВП  ""кристалл  Import""  NEW","0,25"
"Muslimchaika","06.01.2021","86154","АЛЬФА-ПВП  ""кристалл  Import""  NEW","5"
"Kurik_One","06.01.2021","86154","АЛЬФА-ПВП  ""кристалл  Import""  NEW","0,5"
"Muslimchaika","06.01.2021","90389","МЕТАДОН import ","1"
"Muslimchaika","06.01.2021","86154","АЛЬФА-ПВП  ""кристалл  Import""  NEW","10"
"Kurik_One","06.01.2021","86154","АЛЬФА-ПВП  ""кристалл  Import""  NEW","0,5"
"Kurik_One","06.01.2021","86154","АЛЬФА-ПВП  ""кристалл  Import""  NEW","0,5"
"Kurik_One","06.01.2021","86154","АЛЬФА-ПВП  ""кристалл  Import""  NEW","0,25"
"Kurik_One","06.01.2021","86154","АЛЬФА-ПВП  ""кристалл  Import""  NEW","0,25"
"Kurik_One","06.01.2021","86154","АЛЬФА-ПВП  ""кристалл  Import""  NEW","0,25"
"Kurik_One","06.01.2021","86154","АЛЬФА-ПВП  ""кристалл  Import""  NEW","0,25"
"Kurik_One","06.01.2021","86154","АЛЬФА-ПВП  ""кристалл  Import""  NEW","0,25"
"Kurik_One","06.01.2021","86154","АЛЬФА-ПВП  ""кристалл  Import""  NEW","0,5"
"Kurik_One","06.01.2021","86154","АЛЬФА-ПВП  ""кристалл  Import""  NEW","0,25"
"Muslimchaika","06.01.2021","86154","АЛЬФА-ПВП  ""кристалл  Import""  NEW","2"
"Kurik_One","06.01.2021","86154","АЛЬФА-ПВП  ""кристалл  Import""  NEW","0,25"
"Kurik_One","06.01.2021","86154","АЛЬФА-ПВП  ""кристалл  Import""  NEW","0,25"
"Kurik_One","06.01.2021","86154","АЛЬФА-ПВП  ""кристалл  Import""  NEW","0,25"
"Kurik_One","06.01.2021","86154","АЛЬФА-ПВП  ""кристалл  Import""  NEW","0,25"
"Kurik_One","06.01.2021","86154","АЛЬФА-ПВП  ""кристалл  Import""  NEW","0,5"
"Kurik_One","06.01.2021","86154","АЛЬФА-ПВП  ""кристалл  Import""  NEW","0,25"
"Kurik_One","06.01.2021","86154","АЛЬФА-ПВП  ""кристалл  Import""  NEW","0,25"
"Kurik_One","06.01.2021","86154","АЛЬФА-ПВП  ""кристалл  Import""  NEW","0,25"
"Kurik_One","06.01.2021","86154","АЛЬФА-ПВП  ""кристалл  Import""  NEW","0,25"
"Kurik_One","06.01.2021","86154","АЛЬФА-ПВП  ""кристалл  Import""  NEW","0,25"
"Muslimchaika","06.12.2020","86154","АЛЬФА-ПВП  ""кристалл  Import""  NEW","0,5"
"Muslimchaika","06.12.2020","86154","АЛЬФА-ПВП  ""кристалл  Import""  NEW","1"
"","06.12.2020","86154","АЛЬФА-ПВП  ""кристалл  Import""  NEW","5"
"Muslimchaika","06.12.2020","86154","АЛЬФА-ПВП  ""кристалл  Import""  NEW","2"
"westmuslimchaika","06.12.2020","91842","Ice-o-Lator CRITICAL 2020","0,5"
"westmuslimchaika","06.12.2020","91842","Ice-o-Lator CRITICAL 2020","1"
"westmuslimchaika","06.12.2020","86154","АЛЬФА-ПВП  ""кристалл  Import""  NEW","0,5"
"westmuslimchaika","06.12.2020","86154","АЛЬФА-ПВП  ""кристалл  Import""  NEW","5"
"westmuslimchaika","06.12.2020","86154","АЛЬФА-ПВП  ""кристалл  Import""  NEW","0,5"
"westmuslimchaika","06.12.2020","86154","АЛЬФА-ПВП  ""кристалл  Import""  NEW","5"
"westmuslimchaika","06.12.2020","90389","МЕТАДОН import ","3"
"westmuslimchaika","06.12.2020","90389","МЕТАДОН import ","0,15"
"westmuslimchaika","06.12.2020","90389","МЕТАДОН import ","0,25"
"westmuslimchaika","06.12.2020","86154","АЛЬФА-ПВП  ""кристалл  Import""  NEW","5"
"Muslimchaika","06.12.2020","86154","АЛЬФА-ПВП  ""кристалл  Import""  NEW","2"
"Muslimchaika","07.01.2021","86154","АЛЬФА-ПВП  ""кристалл  Import""  NEW","2"
"Kurik_One","07.01.2021","86154","АЛЬФА-ПВП  ""кристалл  Import""  NEW","0,25"
"Muslimchaika","07.01.2021","86154","АЛЬФА-ПВП  ""кристалл  Import""  NEW","1"
"Muslimchaika","07.01.2021","86154","АЛЬФА-ПВП  ""кристалл  Import""  NEW","1"
"Muslimchaika","07.01.2021","86154","АЛЬФА-ПВП  ""кристалл  Import""  NEW","1"
"Muslimchaika","07.01.2021","86154","АЛЬФА-ПВП  ""кристалл  Import""  NEW","1"
"westmuslimchaika","07.01.2021","86154","АЛЬФА-ПВП  ""кристалл  Import""  NEW","5"
"westmuslimchaika","07.01.2021","86154","АЛЬФА-ПВП ""DIAMOND PREMIUM""","0,55"
"westmuslimchaika","07.01.2021","86154","АЛЬФА-ПВП  ""кристалл  Import""  NEW","5"
"westmuslimchaika","07.01.2021","86154","АЛЬФА-ПВП  ""кристалл  Import""  NEW","5"
"westmuslimchaika","07.01.2021","86154","АЛЬФА-ПВП ""DIAMOND PREMIUM""","0,55"
"Lepardo0","07.01.2021","86154","АЛЬФА-ПВП  ""кристалл  Import""  NEW","5"
"Lepardo0","07.01.2021","86154","АЛЬФА-ПВП  ""кристалл  Import""  NEW","2"
"Lepardo0","07.01.2021","86154","АЛЬФА-ПВП  ""кристалл  Import""  NEW","2"
"Lepardo0","07.01.2021","86154","АЛЬФА-ПВП  ""кристалл  Import""  NEW","2"
"westmuslimchaika","07.01.2021","86154","АЛЬФА-ПВП  ""кристалл  Import""  NEW","10"
"Muslimchaika","07.01.2021","86154","АЛЬФА-ПВП  ""кристалл  Import""  NEW","1"
"Muslimchaika","07.01.2021","86154","АЛЬФА-ПВП  ""кристалл  Import""  NEW","2"
"Kurik_One","07.01.2021","86154","АЛЬФА-ПВП  ""кристалл  Import""  NEW","0,25"
"Kurik_One","07.01.2021","86154","АЛЬФА-ПВП  ""кристалл  Import""  NEW","0,5"
"Muslimchaika","07.01.2021","86154","АЛЬФА-ПВП  ""кристалл  Import""  NEW","1"
"Muslimchaika","07.01.2021","86154","АЛЬФА-ПВП  ""кристалл  Import""  NEW","1"
"Muslimchaika","07.01.2021","86154","АЛЬФА-ПВП  ""кристалл  Import""  NEW","1"
"Muslimchaika","07.01.2021","86154","АЛЬФА-ПВП  ""кристалл  Import""  NEW","1"
"Muslimchaika","07.01.2021","86154","АЛЬФА-ПВП  ""кристалл  Import""  NEW","2"
"Muslimchaika","07.01.2021","86154","АЛЬФА-ПВП  ""кристалл  Import""  NEW","2"
"Muslimchaika","07.01.2021","86154","АЛЬФА-ПВП  ""кристалл  Import""  NEW","1"
"Muslimchaika","07.01.2021","86154","АЛЬФА-ПВП  ""кристалл  Import""  NEW","1"
"Muslimchaika","07.01.2021","86154","АЛЬФА-ПВП  ""кристалл  Import""  NEW","1"
"westmuslimchaika","07.12.2020","86154","АЛЬФА-ПВП  ""кристалл  Import""  NEW","10"
"westmuslimchaika","07.12.2020","86154","АЛЬФА-ПВП  ""кристалл  Import""  NEW","1"
"westmuslimchaika","07.12.2020","86154","АЛЬФА-ПВП  ""кристалл  Import""  NEW","1"
"westmuslimchaika","07.12.2020","86154","АЛЬФА-ПВП  ""кристалл  Import""  NEW","1"
"westmuslimchaika","07.12.2020","86154","АЛЬФА-ПВП  ""кристалл  Import""  NEW","5"
"westmuslimchaika","07.12.2020","86154","АЛЬФА-ПВП  ""кристалл  Import""  NEW","0,5"
"Muslimchaika","07.12.2020","91842","Ice-o-Lator CRITICAL 2020","1"
"Muslimchaika","07.12.2020","86154","АЛЬФА-ПВП  ""кристалл  Import""  NEW","1"
"Muslimchaika","07.12.2020","91842","Ice-o-Lator CRITICAL 2020","1"
"westmuslimchaika","07.12.2020","86154","АЛЬФА-ПВП  ""кристалл  Import""  NEW","0,5"
"Muslimchaika","07.12.2020","91842","Ice-o-Lator CRITICAL 2020","1"
"Kurik_One","08.01.2021","86154","АЛЬФА-ПВП  ""кристалл  Import""  NEW","0,25"
"Muslimchaika","08.01.2021","90389","МЕТАДОН import ","1"
"Kurik_One","08.01.2021","86154","АЛЬФА-ПВП  ""кристалл  Import""  NEW","0,25"
"Kurik_One","08.01.2021","86154","АЛЬФА-ПВП  ""кристалл  Import""  NEW","0,25"
"Kurik_One","08.01.2021","86154","АЛЬФА-ПВП  ""кристалл  Import""  NEW","0,25"
"Kurik_One","08.01.2021","86154","АЛЬФА-ПВП  ""кристалл  Import""  NEW","0,5"
"Kurik_One","08.01.2021","86154","АЛЬФА-ПВП  ""кристалл  Import""  NEW","0,5"
"Kurik_One","08.01.2021","86154","АЛЬФА-ПВП  ""кристалл  Import""  NEW","0,5"
"Kurik_One","08.01.2021","86154","АЛЬФА-ПВП  ""кристалл  Import""  NEW","0,25"
"Kurik_One","08.01.2021","86154","АЛЬФА-ПВП  ""кристалл  Import""  NEW","0,5"
"Kurik_One","08.01.2021","86154","АЛЬФА-ПВП  ""кристалл  Import""  NEW","0,5"
"Kurik_One","08.01.2021","86154","АЛЬФА-ПВП  ""кристалл  Import""  NEW","0,5"
"Kurik_One","08.01.2021","86154","АЛЬФА-ПВП  ""кристалл  Import""  NEW","0,5"
"Kurik_One","08.01.2021","86154","АЛЬФА-ПВП  ""кристалл  Import""  NEW","0,5"
"Kurik_One","08.01.2021","86154","АЛЬФА-ПВП  ""кристалл  Import""  NEW","0,5"
"Lepardo0","08.12.2020","86154","АЛЬФА-ПВП  ""кристалл  Import""  NEW","0.2"
"Lepardo0","08.12.2020","86154","АЛЬФА-ПВП  ""кристалл  Import""  NEW","0.2"
"Lepardo0","08.12.2020","86154","АЛЬФА-ПВП  ""кристалл  Import""  NEW","0.2"
"Lepardo0","08.12.2020","86154","АЛЬФА-ПВП  ""кристалл  Import""  NEW","0.2"
"Lepardo0","08.12.2020","86154","АЛЬФА-ПВП  ""кристалл  Import""  NEW","0.2"
"Lepardo0","08.12.2020","86154","АЛЬФА-ПВП  ""кристалл  Import""  NEW","0.2"
"Lepardo0","08.12.2020","86154","АЛЬФА-ПВП  ""кристалл  Import""  NEW","0.2"
"Lepardo0","08.12.2020","86154","АЛЬФА-ПВП  ""кристалл  Import""  NEW","0.2"
"Lepardo0","08.12.2020","86154","АЛЬФА-ПВП  ""кристалл  Import""  NEW","0.2"
"Kurik_One","08.12.2020","86154","АЛЬФА-ПВП  ""кристалл  Import""  NEW","0,5"
"westmuslimchaika","08.12.2020","86154","АЛЬФА-ПВП  ""кристалл  Import""  NEW","0,5"
"Kurik_One","08.12.2020","86154","АЛЬФА-ПВП  ""кристалл  Import""  NEW","1"
"Kurik_One","08.12.2020","86154","АЛЬФА-ПВП  ""кристалл  Import""  NEW","1"
"westmuslimchaika","08.12.2020","86154","АЛЬФА-ПВП  ""кристалл  Import""  NEW","0,5"
"westmuslimchaika","08.12.2020","86154","АЛЬФА-ПВП  ""кристалл  Import""  NEW","0,5"
"westmuslimchaika","08.12.2020","86154","АЛЬФА-ПВП  ""кристалл  Import""  NEW","1"
"Lepardo0","08.12.2020","86154","АЛЬФА-ПВП  ""кристалл  Import""  NEW","0.2"
"westmuslimchaika","08.12.2020","86154","АЛЬФА-ПВП  ""кристалл  Import""  NEW","0,5"
"westmuslimchaika","08.12.2020","86154","АЛЬФА-ПВП  ""кристалл  Import""  NEW","0,5"
"westmuslimchaika","08.12.2020","86154","АЛЬФА-ПВП  ""кристалл  Import""  NEW","0,5"
"westmuslimchaika","08.12.2020","86154","АЛЬФА-ПВП  ""кристалл  Import""  NEW","1"
"Kurik_One","08.12.2020","86154","АЛЬФА-ПВП  ""кристалл  Import""  NEW","0,5"
"westmuslimchaika","08.12.2020","90389","МЕТАДОН import ","0,25"
"Lepardo0","08.12.2020","86154","АЛЬФА-ПВП  ""кристалл  Import""  NEW","0.3"
"Lepardo0","08.12.2020","86154","АЛЬФА-ПВП  ""кристалл  Import""  NEW","0.3"
"westmuslimchaika","08.12.2020","90389","МЕТАДОН import ","0,25"
"westmuslimchaika","08.12.2020","90389","МЕТАДОН import ","0,15"
"westmuslimchaika","08.12.2020","90389","МЕТАДОН import ","0,25"
"westmuslimchaika","08.12.2020","90389","МЕТАДОН import ","0,15"
"westmuslimchaika","08.12.2020","90389","МЕТАДОН import ","0,15"
"westmuslimchaika","08.12.2020","86154","АЛЬФА-ПВП  ""кристалл  Import""  NEW","5"
"Muslimchaika","08.12.2020","86154","АЛЬФА-ПВП  ""кристалл  Import""  NEW","2"
"Muslimchaika","08.12.2020","86154","АЛЬФА-ПВП  ""кристалл  Import""  NEW","1"
"Muslimchaika","08.12.2020","86154","АЛЬФА-ПВП  ""кристалл  Import""  NEW","1"
"Muslimchaika","08.12.2020","86154","АЛЬФА-ПВП  ""кристалл  Import""  NEW","1"
"Muslimchaika","08.12.2020","86154","АЛЬФА-ПВП  ""кристалл  Import""  NEW","1"
"Muslimchaika","08.12.2020","86154","АЛЬФА-ПВП  ""кристалл  Import""  NEW","1"
"Muslimchaika","08.12.2020","86154","АЛЬФА-ПВП  ""кристалл  Import""  NEW","1"
"","08.12.2020","90389","МЕТАДОН import ","1"
"Lepardo0","08.12.2020","86154","АЛЬФА-ПВП  ""кристалл  Import""  NEW","0,5"
"Lepardo0","08.12.2020","86154","АЛЬФА-ПВП  ""кристалл  Import""  NEW","0,5"
"Lepardo0","08.12.2020","86154","АЛЬФА-ПВП  ""кристалл  Import""  NEW","0,5"
"Lepardo0","08.12.2020","86154","АЛЬФА-ПВП  ""кристалл  Import""  NEW","0.3"
"Lepardo0","08.12.2020","86154","АЛЬФА-ПВП  ""кристалл  Import""  NEW","0.3"
"Lepardo0","08.12.2020","86154","АЛЬФА-ПВП  ""кристалл  Import""  NEW","0.3"
"Lepardo0","08.12.2020","86154","АЛЬФА-ПВП  ""кристалл  Import""  NEW","0.3"
"Lepardo0","08.12.2020","86154","АЛЬФА-ПВП  ""кристалл  Import""  NEW","0.3"
"Lepardo0","08.12.2020","86154","АЛЬФА-ПВП  ""кристалл  Import""  NEW","0.3"
"Lepardo0","08.12.2020","86154","АЛЬФА-ПВП  ""кристалл  Import""  NEW","0.3"
"Lepardo0","08.12.2020","86154","АЛЬФА-ПВП  ""кристалл  Import""  NEW","0.3"
"Lepardo0","08.12.2020","86154","АЛЬФА-ПВП  ""кристалл  Import""  NEW","0,5"
"Lepardo0","08.12.2020","86154","АЛЬФА-ПВП  ""кристалл  Import""  NEW","0,5"
"Lepardo0","08.12.2020","86154","АЛЬФА-ПВП  ""кристалл  Import""  NEW","0,5"
"Lepardo0","08.12.2020","86154","АЛЬФА-ПВП  ""кристалл  Import""  NEW","0,5"
"Lepardo0","08.12.2020","86154","АЛЬФА-ПВП  ""кристалл  Import""  NEW","0,5"
"Lepardo0","08.12.2020","86154","АЛЬФА-ПВП  ""кристалл  Import""  NEW","0,5"
"Lepardo0","08.12.2020","86154","АЛЬФА-ПВП  ""кристалл  Import""  NEW","0,5"
"Muslimchaika","08.12.2020","86154","АЛЬФА-ПВП  ""кристалл  Import""  NEW","1"
"Kurik_One","09.01.2021","86154","АЛЬФА-ПВП  ""кристалл  Import""  NEW","0,25"
"Muslimchaika","09.12.2020","86154","АЛЬФА-ПВП  ""кристалл  Import""  NEW","1"
"Kurik_One","09.12.2020","86154","АЛЬФА-ПВП  ""кристалл  Import""  NEW","2"
"Kurik_One","09.12.2020","86154","АЛЬФА-ПВП  ""кристалл  Import""  NEW","2"
"Muslimchaika","09.12.2020","86154","АЛЬФА-ПВП  ""кристалл  Import""  NEW","1"
"Muslimchaika","09.12.2020","86154","АЛЬФА-ПВП  ""кристалл  Import""  NEW","1"
"Muslimchaika","09.12.2020","90389","МЕТАДОН import ","0,5"
"westmuslimchaika","09.12.2020","90389","МЕТАДОН import ","0,5"
"Kurik_One","09.12.2020","86154","АЛЬФА-ПВП  ""кристалл  Import""  NEW","1"
"Kurik_One","09.12.2020","86154","АЛЬФА-ПВП  ""кристалл  Import""  NEW","0,15"
"Kurik_One","09.12.2020","86154","АЛЬФА-ПВП  ""кристалл  Import""  NEW","0,15"
"Kurik_One","09.12.2020","86154","АЛЬФА-ПВП  ""кристалл  Import""  NEW","0,15"
"Kurik_One","09.12.2020","86154","АЛЬФА-ПВП  ""кристалл  Import""  NEW","0,15"
"Kurik_One","09.12.2020","86154","АЛЬФА-ПВП  ""кристалл  Import""  NEW","0,25"
"Kurik_One","09.12.2020","86154","АЛЬФА-ПВП  ""кристалл  Import""  NEW","0,25"
"Muslimchaika","09.12.2020","86154","АЛЬФА-ПВП  ""кристалл  Import""  NEW","1"
"Kurik_One","09.12.2020","86154","АЛЬФА-ПВП  ""кристалл  Import""  NEW","0,25"
"Kurik_One","09.12.2020","86154","АЛЬФА-ПВП  ""кристалл  Import""  NEW","0,25"
"Muslimchaika","09.12.2020","90389","МЕТАДОН import ","0,5"
"Muslimchaika","10.12.2020","86154","АЛЬФА-ПВП  ""кристалл  Import""  NEW","1"
"Muslimchaika","10.12.2020","86154","АЛЬФА-ПВП  ""кристалл  Import""  NEW","1"
"Muslimchaika","10.12.2020","91842","Ice-o-Lator CRITICAL 2020","1"
"Muslimchaika","10.12.2020","86154","АЛЬФА-ПВП  ""кристалл  Import""  NEW","1"
"Muslimchaika","10.12.2020","86154","АЛЬФА-ПВП  ""кристалл  Import""  NEW","1"
"westmuslimchaika","10.12.2020","86154","АЛЬФА-ПВП  ""кристалл  Import""  NEW","5"
"westmuslimchaika","10.12.2020","86154","АЛЬФА-ПВП  ""кристалл  Import""  NEW","5"
"Kurik_One","10.12.2020","86154","АЛЬФА-ПВП  ""кристалл  Import""  NEW","0,5"
"Kurik_One","10.12.2020","86154","АЛЬФА-ПВП  ""кристалл  Import""  NEW","0,5"
"","10.12.2020","90389","МЕТАДОН import ","1"
"Kurik_One","10.12.2020","86154","АЛЬФА-ПВП  ""кристалл  Import""  NEW","0,5"
"Kurik_One","10.12.2020","91842","Ice-o-Lator CRITICAL 2020","0,5"
"Kurik_One","10.12.2020","91842","Ice-o-Lator CRITICAL 2020","0,5"
"Kurik_One","10.12.2020","91842","Ice-o-Lator CRITICAL 2020","0,5"
"westmuslimchaika","10.12.2020","90389","МЕТАДОН import ","0,5"
"Muslimchaika","10.12.2020","91842","Ice-o-Lator CRITICAL 2020","1"
"westmuslimchaika","10.12.2020","90389","МЕТАДОН import ","0,5"
"Muslimchaika","11.12.2020","86154","АЛЬФА-ПВП  ""кристалл  Import""  NEW","2"
"Muslimchaika","11.12.2020","91842","Ice-o-Lator CRITICAL 2020","1"
"Muslimchaika","11.12.2020","86154","АЛЬФА-ПВП  ""кристалл  Import""  NEW","0,5"
"Muslimchaika","11.12.2020","86154","АЛЬФА-ПВП  ""кристалл  Import""  NEW","0,5"
"Muslimchaika","11.12.2020","91842","Ice-o-Lator CRITICAL 2020","2"
"Muslimchaika","11.12.2020","86154","АЛЬФА-ПВП  ""кристалл  Import""  NEW","1"
"Muslimchaika","11.12.2020","86154","АЛЬФА-ПВП  ""кристалл  Import""  NEW","1"
"Kurik_One","11.12.2020","91842","Ice-o-Lator CRITICAL 2020","0,5"
"westmuslimchaika","11.12.2020","86154","АЛЬФА-ПВП  ""кристалл  Import""  NEW","5"
"Kurik_One","11.12.2020","86154","АЛЬФА-ПВП  ""кристалл  Import""  NEW","0,5"
"Muslimchaika","11.12.2020","86154","АЛЬФА-ПВП  ""кристалл  Import""  NEW","1"
"Muslimchaika","11.12.2020","86154","АЛЬФА-ПВП  ""кристалл  Import""  NEW","1"
"Kurik_One","11.12.2020","86154","АЛЬФА-ПВП  ""кристалл  Import""  NEW","0,5"
"Kurik_One","11.12.2020","86154","АЛЬФА-ПВП  ""кристалл  Import""  NEW","0,5"
"Muslimchaika","11.12.2020","86154","АЛЬФА-ПВП  ""кристалл  Import""  NEW","2"
"Kurik_One","11.12.2020","91842","Ice-o-Lator CRITICAL 2020","0,5"
"Kurik_One","11.12.2020","91842","Ice-o-Lator CRITICAL 2020","0,5"
"Kurik_One","12.12.2020","86154","АЛЬФА-ПВП  ""кристалл  Import""  NEW","0,15"
"Muslimchaika","12.12.2020","86154","АЛЬФА-ПВП  ""кристалл  Import""  NEW","5"
"Muslimchaika","12.12.2020","86154","АЛЬФА-ПВП  ""кристалл  Import""  NEW","1"
"westmuslimchaika","12.12.2020","90389","МЕТАДОН import ","0,25"
"Kurik_One","12.12.2020","86154","АЛЬФА-ПВП  ""кристалл  Import""  NEW","0,15"
"Kurik_One","12.12.2020","86154","АЛЬФА-ПВП  ""кристалл  Import""  NEW","0,15"
"Kurik_One","12.12.2020","86154","АЛЬФА-ПВП  ""кристалл  Import""  NEW","0,15"
"Muslimchaika","13.12.2020","86154","АЛЬФА-ПВП  ""кристалл  Import""  NEW","0,5"
"Muslimchaika","13.12.2020","86154","АЛЬФА-ПВП  ""кристалл  Import""  NEW","1"
"Muslimchaika","13.12.2020","86154","АЛЬФА-ПВП  ""кристалл  Import""  NEW","1"
"westmuslimchaika","13.12.2020","86154","АЛЬФА-ПВП  ""кристалл  Import""  NEW","0,5"
"westmuslimchaika","13.12.2020","86154","АЛЬФА-ПВП  ""кристалл  Import""  NEW","0,5"
"westmuslimchaika","13.12.2020","86154","АЛЬФА-ПВП  ""кристалл  Import""  NEW","0,5"
"westmuslimchaika","13.12.2020","86154","АЛЬФА-ПВП  ""кристалл  Import""  NEW","0,5"
"westmuslimchaika","13.12.2020","86154","АЛЬФА-ПВП  ""кристалл  Import""  NEW","0,5"
"Muslimchaika","13.12.2020","86154","АЛЬФА-ПВП  ""кристалл  Import""  NEW","0,5"
"Muslimchaika","13.12.2020","86154","АЛЬФА-ПВП  ""кристалл  Import""  NEW","2"
"Lepardo0","14.12.2020","86154","АЛЬФА-ПВП  ""кристалл  Import""  NEW","1"
"Lepardo0","14.12.2020","86154","АЛЬФА-ПВП  ""кристалл  Import""  NEW","1"
"Lepardo0","14.12.2020","86154","АЛЬФА-ПВП  ""кристалл  Import""  NEW","1"
"Lepardo0","14.12.2020","86154","АЛЬФА-ПВП  ""кристалл  Import""  NEW","1"
"Lepardo0","14.12.2020","86154","АЛЬФА-ПВП  ""кристалл  Import""  NEW","1"
"Kurik_One","14.12.2020","86154","АЛЬФА-ПВП  ""кристалл  Import""  NEW","0,25"
"Kurik_One","14.12.2020","86154","АЛЬФА-ПВП  ""кристалл  Import""  NEW","0,25"
"Kurik_One","14.12.2020","86154","АЛЬФА-ПВП  ""кристалл  Import""  NEW","0,25"
"Kurik_One","14.12.2020","86154","АЛЬФА-ПВП  ""кристалл  Import""  NEW","0,25"
"Kurik_One","14.12.2020","86154","АЛЬФА-ПВП  ""кристалл  Import""  NEW","0,25"
"Kurik_One","14.12.2020","86154","АЛЬФА-ПВП  ""кристалл  Import""  NEW","0,25"
"Kurik_One","14.12.2020","86154","АЛЬФА-ПВП  ""кристалл  Import""  NEW","0,25"
"Kurik_One","14.12.2020","86154","АЛЬФА-ПВП  ""кристалл  Import""  NEW","0,25"
"Kurik_One","14.12.2020","86154","АЛЬФА-ПВП  ""кристалл  Import""  NEW","0,25"
"Kurik_One","14.12.2020","86154","АЛЬФА-ПВП  ""кристалл  Import""  NEW","0,25"
"westmuslimchaika","14.12.2020","90389","МЕТАДОН import ","0,15"
"westmuslimchaika","14.12.2020","86154","АЛЬФА-ПВП  ""кристалл  Import""  NEW","10"
"Kurik_One","15.12.2020","86154","АЛЬФА-ПВП  ""кристалл  Import""  NEW","0,25"
"Kurik_One","15.12.2020","86154","АЛЬФА-ПВП  ""кристалл  Import""  NEW","0,25"
"Muslimchaika","15.12.2020","86154","АЛЬФА-ПВП  ""кристалл  Import""  NEW","1"
"Muslimchaika","15.12.2020","86154","АЛЬФА-ПВП  ""кристалл  Import""  NEW","2"
"Muslimchaika","15.12.2020","86154","АЛЬФА-ПВП  ""кристалл  Import""  NEW","2"
"Muslimchaika","15.12.2020","86154","АЛЬФА-ПВП  ""кристалл  Import""  NEW","2"
"Muslimchaika","15.12.2020","86154","АЛЬФА-ПВП  ""кристалл  Import""  NEW","1"
"Muslimchaika","15.12.2020","86154","АЛЬФА-ПВП  ""кристалл  Import""  NEW","1"
"Kurik_One","15.12.2020","91842","Ice-o-Lator CRITICAL 2020","0,5"
"Kurik_One","15.12.2020","91842","Ice-o-Lator CRITICAL 2020","0,5"
"Kurik_One","15.12.2020","91842","Ice-o-Lator CRITICAL 2020","0,5"
"Kurik_One","15.12.2020","91842","Ice-o-Lator CRITICAL 2020","0,5"
"Kurik_One","15.12.2020","91842","Ice-o-Lator CRITICAL 2020","0,5"
"Kurik_One","15.12.2020","91842","Ice-o-Lator CRITICAL 2020","0,5"
"Emerictheevil","15.12.2020","90389","МЕТАДОН import ","5"
"Kurik_One","15.12.2020","86154","АЛЬФА-ПВП  ""кристалл  Import""  NEW","1"
"Muslimchaika","15.12.2020","86154","АЛЬФА-ПВП  ""кристалл  Import""  NEW","1"
"Kurik_One","15.12.2020","86154","АЛЬФА-ПВП  ""кристалл  Import""  NEW","1"
"Kurik_One","15.12.2020","86154","АЛЬФА-ПВП  ""кристалл  Import""  NEW","1"
"Lepardo0","16.12.2020","86154","АЛЬФА-ПВП  ""кристалл  Import""  NEW","0.3"
"Lepardo0","16.12.2020","86154","АЛЬФА-ПВП  ""кристалл  Import""  NEW","0.3"
"Lepardo0","16.12.2020","86154","АЛЬФА-ПВП  ""кристалл  Import""  NEW","0.3"
"Lepardo0","16.12.2020","86154","АЛЬФА-ПВП  ""кристалл  Import""  NEW","1"
"Lepardo0","16.12.2020","86154","АЛЬФА-ПВП  ""кристалл  Import""  NEW","1"
"Lepardo0","16.12.2020","86154","АЛЬФА-ПВП  ""кристалл  Import""  NEW","1"
"Lepardo0","16.12.2020","86154","АЛЬФА-ПВП  ""кристалл  Import""  NEW","1"
"Lepardo0","16.12.2020","86154","АЛЬФА-ПВП  ""кристалл  Import""  NEW","1"
"Lepardo0","16.12.2020","86154","АЛЬФА-ПВП  ""кристалл  Import""  NEW","2"
"Lepardo0","16.12.2020","86154","АЛЬФА-ПВП  ""кристалл  Import""  NEW","2"
"Lepardo0","16.12.2020","86154","АЛЬФА-ПВП  ""кристалл  Import""  NEW","2"
"Lepardo0","16.12.2020","86154","АЛЬФА-ПВП  ""кристалл  Import""  NEW","3"
"Lepardo0","16.12.2020","86154","АЛЬФА-ПВП  ""кристалл  Import""  NEW","3"
"Lepardo0","16.12.2020","90389","МЕТАДОН import ","0,15"
"Lepardo0","16.12.2020","90389","МЕТАДОН import ","0,15"
"Lepardo0","16.12.2020","90389","МЕТАДОН import ","0,15"
"Lepardo0","16.12.2020","90389","МЕТАДОН import ","0,15"
"Muslimchaika","16.12.2020","86154","АЛЬФА-ПВП  ""кристалл  Import""  NEW","1"
"Muslimchaika","16.12.2020","86154","АЛЬФА-ПВП  ""кристалл  Import""  NEW","2"
"Muslimchaika","16.12.2020","86154","АЛЬФА-ПВП  ""кристалл  Import""  NEW","1"
"Muslimchaika","16.12.2020","86154","АЛЬФА-ПВП  ""кристалл  Import""  NEW","1"
"Muslimchaika","16.12.2020","86154","АЛЬФА-ПВП  ""кристалл  Import""  NEW","1"
"Muslimchaika","16.12.2020","86154","АЛЬФА-ПВП  ""кристалл  Import""  NEW","1"
"Muslimchaika","16.12.2020","86154","АЛЬФА-ПВП  ""кристалл  Import""  NEW","2"
"Muslimchaika","16.12.2020","86154","АЛЬФА-ПВП  ""кристалл  Import""  NEW","2"
"Lepardo0","16.12.2020","86154","АЛЬФА-ПВП  ""кристалл  Import""  NEW","0.3"
"Lepardo0","16.12.2020","86154","АЛЬФА-ПВП  ""кристалл  Import""  NEW","0.3"
"Lepardo0","16.12.2020","90389","МЕТАДОН import ","0,15"
"Lepardo0","16.12.2020","86154","АЛЬФА-ПВП  ""кристалл  Import""  NEW","0.3"
"westmuslimchaika","16.12.2020","90389","МЕТАДОН import ","0,15"
"westmuslimchaika","16.12.2020","86154","АЛЬФА-ПВП  ""кристалл  Import""  NEW","0,5"
"Lepardo0","16.12.2020","86154","АЛЬФА-ПВП  ""кристалл  Import""  NEW","0.2"
"Lepardo0","16.12.2020","86154","АЛЬФА-ПВП  ""кристалл  Import""  NEW","0.2"
"Lepardo0","16.12.2020","86154","АЛЬФА-ПВП  ""кристалл  Import""  NEW","0.2"
"Lepardo0","16.12.2020","86154","АЛЬФА-ПВП  ""кристалл  Import""  NEW","0.3"
"Lepardo0","16.12.2020","86154","АЛЬФА-ПВП  ""кристалл  Import""  NEW","0.2"
"Lepardo0","16.12.2020","86154","АЛЬФА-ПВП  ""кристалл  Import""  NEW","0.3"
"Lepardo0","16.12.2020","86154","АЛЬФА-ПВП  ""кристалл  Import""  NEW","0.3"
"Lepardo0","16.12.2020","86154","АЛЬФА-ПВП  ""кристалл  Import""  NEW","0.3"
"Lepardo0","16.12.2020","86154","АЛЬФА-ПВП  ""кристалл  Import""  NEW","0.2"
"Lepardo0","17.12.2020","86154","АЛЬФА-ПВП  ""кристалл  Import""  NEW","0.3"
"Lepardo0","17.12.2020","86154","АЛЬФА-ПВП  ""кристалл  Import""  NEW","0.3"
"Lepardo0","17.12.2020","86154","АЛЬФА-ПВП  ""кристалл  Import""  NEW","0,5"
"Lepardo0","17.12.2020","86154","АЛЬФА-ПВП  ""кристалл  Import""  NEW","0,5"
"Lepardo0","17.12.2020","86154","АЛЬФА-ПВП  ""кристалл  Import""  NEW","0,5"
"Lepardo0","17.12.2020","86154","АЛЬФА-ПВП  ""кристалл  Import""  NEW","0,5"
"Lepardo0","17.12.2020","86154","АЛЬФА-ПВП  ""кристалл  Import""  NEW","0,5"
"Lepardo0","17.12.2020","86154","АЛЬФА-ПВП  ""кристалл  Import""  NEW","0,5"
"Lepardo0","17.12.2020","86154","АЛЬФА-ПВП  ""кристалл  Import""  NEW","0,5"
"Lepardo0","17.12.2020","86154","АЛЬФА-ПВП  ""кристалл  Import""  NEW","0,5"
"Lepardo0","17.12.2020","86154","АЛЬФА-ПВП  ""кристалл  Import""  NEW","0,5"
"Lepardo0","17.12.2020","86154","АЛЬФА-ПВП  ""кристалл  Import""  NEW","2"
"Lepardo0","17.12.2020","86154","АЛЬФА-ПВП  ""кристалл  Import""  NEW","2"
"Lepardo0","17.12.2020","86154","АЛЬФА-ПВП  ""кристалл  Import""  NEW","0.3"
"Muslimchaika","17.12.2020","86154","АЛЬФА-ПВП  ""кристалл  Import""  NEW","1"
"Muslimchaika","17.12.2020","86154","АЛЬФА-ПВП  ""кристалл  Import""  NEW","1"
"Muslimchaika","17.12.2020","86154","АЛЬФА-ПВП  ""кристалл  Import""  NEW","2"
"Muslimchaika","17.12.2020","86154","АЛЬФА-ПВП  ""кристалл  Import""  NEW","2"
"Muslimchaika","17.12.2020","86154","АЛЬФА-ПВП  ""кристалл  Import""  NEW","2"
"Lepardo0","17.12.2020","86154","АЛЬФА-ПВП  ""кристалл  Import""  NEW","0,5"
"Lepardo0","17.12.2020","86154","АЛЬФА-ПВП  ""кристалл  Import""  NEW","3"
"Lepardo0","17.12.2020","86154","АЛЬФА-ПВП  ""кристалл  Import""  NEW","0.3"
"Lepardo0","17.12.2020","86154","АЛЬФА-ПВП  ""кристалл  Import""  NEW","0.2"
"Lepardo0","17.12.2020","86154","АЛЬФА-ПВП  ""кристалл  Import""  NEW","0.2"
"Lepardo0","17.12.2020","86154","АЛЬФА-ПВП  ""кристалл  Import""  NEW","0.2"
"Lepardo0","17.12.2020","86154","АЛЬФА-ПВП  ""кристалл  Import""  NEW","0.2"
"Lepardo0","17.12.2020","86154","АЛЬФА-ПВП  ""кристалл  Import""  NEW","0.2"
"Lepardo0","17.12.2020","86154","АЛЬФА-ПВП  ""кристалл  Import""  NEW","0.3"
"Muslimchaika","18.12.2020","86154","АЛЬФА-ПВП  ""кристалл  Import""  NEW","1"
"Kurik_One","18.12.2020","86154","АЛЬФА-ПВП  ""кристалл  Import""  NEW","0,5"
"Kurik_One","18.12.2020","86154","АЛЬФА-ПВП  ""кристалл  Import""  NEW","0,5"
"Kurik_One","18.12.2020","86154","АЛЬФА-ПВП  ""кристалл  Import""  NEW","0,25"
"Kurik_One","18.12.2020","86154","АЛЬФА-ПВП  ""кристалл  Import""  NEW","0,25"
"Muslimchaika","18.12.2020","86154","АЛЬФА-ПВП  ""кристалл  Import""  NEW","1"
"Muslimchaika","18.12.2020","86154","АЛЬФА-ПВП  ""кристалл  Import""  NEW","2"
"Muslimchaika","18.12.2020","86154","АЛЬФА-ПВП  ""кристалл  Import""  NEW","1"
"Muslimchaika","18.12.2020","86154","АЛЬФА-ПВП  ""кристалл  Import""  NEW","0,5"
"Muslimchaika","18.12.2020","86154","АЛЬФА-ПВП  ""кристалл  Import""  NEW","0,5"
"Muslimchaika","18.12.2020","86154","АЛЬФА-ПВП  ""кристалл  Import""  NEW","2"
"Muslimchaika","18.12.2020","86154","АЛЬФА-ПВП  ""кристалл  Import""  NEW","1"
"westmuslimchaika","18.12.2020","86154","АЛЬФА-ПВП  ""кристалл  Import""  NEW","0,5"
"westmuslimchaika","18.12.2020","86154","АЛЬФА-ПВП  ""кристалл  Import""  NEW","0,5"
"Kurik_One","18.12.2020","86154","АЛЬФА-ПВП  ""кристалл  Import""  NEW","0,5"
"westmuslimchaika","18.12.2020","86154","АЛЬФА-ПВП  ""кристалл  Import""  NEW","5"
"westmuslimchaika","18.12.2020","86154","АЛЬФА-ПВП  ""кристалл  Import""  NEW","10"
"Kurik_One","18.12.2020","86154","АЛЬФА-ПВП  ""кристалл  Import""  NEW","0,5"
"Kurik_One","18.12.2020","86154","АЛЬФА-ПВП  ""кристалл  Import""  NEW","0,5"
"Kurik_One","18.12.2020","86154","АЛЬФА-ПВП  ""кристалл  Import""  NEW","0,5"
"Kurik_One","18.12.2020","86154","АЛЬФА-ПВП  ""кристалл  Import""  NEW","0,5"
"Kurik_One","18.12.2020","86154","АЛЬФА-ПВП  ""кристалл  Import""  NEW","0,5"
"Kurik_One","18.12.2020","86154","АЛЬФА-ПВП  ""кристалл  Import""  NEW","0,5"
"Kurik_One","18.12.2020","86154","АЛЬФА-ПВП  ""кристалл  Import""  NEW","0,5"
"Muslimchaika","18.12.2020","86154","АЛЬФА-ПВП  ""кристалл  Import""  NEW","0,5"
"westmuslimchaika","18.12.2020","86154","АЛЬФА-ПВП ""DIAMOND PREMIUM""","0,55"
"Muslimchaika","18.12.2020","86154","АЛЬФА-ПВП  ""кристалл  Import""  NEW","0,5"
"westmuslimchaika","18.12.2020","86154","АЛЬФА-ПВП ""DIAMOND PREMIUM""","0,55"
"Kurik_One","18.12.2020","90389","МЕТАДОН import ","0,25"
"Muslimchaika","18.12.2020","86154","АЛЬФА-ПВП  ""кристалл  Import""  NEW","1"
"Kurik_One","18.12.2020","90389","МЕТАДОН import ","0,25"
"westmuslimchaika","18.12.2020","86154","АЛЬФА-ПВП ""DIAMOND PREMIUM""","2,5"
"Muslimchaika","18.12.2020","86154","АЛЬФА-ПВП  ""кристалл  Import""  NEW","1"
"Kurik_One","18.12.2020","91842","Ice-o-Lator CRITICAL 2020","1"
"Kurik_One","18.12.2020","91842","Ice-o-Lator CRITICAL 2020","1"
"Kurik_One","18.12.2020","91842","Ice-o-Lator CRITICAL 2020","1"
"Muslimchaika","18.12.2020","86154","АЛЬФА-ПВП  ""кристалл  Import""  NEW","1"
"Kurik_One","18.12.2020","86154","АЛЬФА-ПВП  ""кристалл  Import""  NEW","2"
"Kurik_One","18.12.2020","86154","АЛЬФА-ПВП  ""кристалл  Import""  NEW","2"
"Kurik_One","18.12.2020","86154","АЛЬФА-ПВП  ""кристалл  Import""  NEW","1"
"Kurik_One","18.12.2020","86154","АЛЬФА-ПВП  ""кристалл  Import""  NEW","1"
"Kurik_One","18.12.2020","86154","АЛЬФА-ПВП  ""кристалл  Import""  NEW","1"
"Kurik_One","18.12.2020","90389","МЕТАДОН import ","0,25"
"Kurik_One","18.12.2020","90389","МЕТАДОН import ","0,25"
"Kurik_One","18.12.2020","91842","Ice-o-Lator CRITICAL 2020","1"
"Kurik_One","19.12.2020","91842","Ice-o-Lator CRITICAL 2020","0,5"
"Kurik_One","19.12.2020","91842","Ice-o-Lator CRITICAL 2020","0,5"
"Kurik_One","19.12.2020","86154","АЛЬФА-ПВП  ""кристалл  Import""  NEW","0,5"
"Kurik_One","19.12.2020","86154","АЛЬФА-ПВП  ""кристалл  Import""  NEW","0,5"
"westmuslimchaika","19.12.2020","86154","АЛЬФА-ПВП  ""кристалл  Import""  NEW","10"
"Muslimchaika","19.12.2020","86154","АЛЬФА-ПВП  ""кристалл  Import""  NEW","0,5"
"westmuslimchaika","19.12.2020","86154","АЛЬФА-ПВП  ""кристалл  Import""  NEW","5"
"Muslimchaika","19.12.2020","86154","АЛЬФА-ПВП  ""кристалл  Import""  NEW","5"
"Muslimchaika","19.12.2020","86154","АЛЬФА-ПВП  ""кристалл  Import""  NEW","1"
"westmuslimchaika","19.12.2020","86154","АЛЬФА-ПВП  ""кристалл  Import""  NEW","5"
"Kurik_One","19.12.2020","86154","АЛЬФА-ПВП  ""кристалл  Import""  NEW","0,5"
"Muslimchaika","19.12.2020","86154","АЛЬФА-ПВП ""DIAMOND PREMIUM""","1,5"
"Lepardo0","20.12.2020","86154","АЛЬФА-ПВП  ""кристалл  Import""  NEW","2"
"Muslimchaika","20.12.2020","86154","АЛЬФА-ПВП ""DIAMOND PREMIUM""","5"
"Muslimchaika","20.12.2020","86154","АЛЬФА-ПВП ""DIAMOND PREMIUM""","5"
"Lepardo0","20.12.2020","86154","АЛЬФА-ПВП  ""кристалл  Import""  NEW","3"
"Lepardo0","20.12.2020","86154","АЛЬФА-ПВП  ""кристалл  Import""  NEW","3"
"Lepardo0","20.12.2020","86154","АЛЬФА-ПВП  ""кристалл  Import""  NEW","3"
"Lepardo0","20.12.2020","86154","АЛЬФА-ПВП  ""кристалл  Import""  NEW","2"
"Lepardo0","20.12.2020","86154","АЛЬФА-ПВП  ""кристалл  Import""  NEW","2"
"Lepardo0","20.12.2020","86154","АЛЬФА-ПВП  ""кристалл  Import""  NEW","2"
"Lepardo0","20.12.2020","86154","АЛЬФА-ПВП  ""кристалл  Import""  NEW","2"
"Lepardo0","20.12.2020","86154","АЛЬФА-ПВП  ""кристалл  Import""  NEW","1"
"Lepardo0","20.12.2020","86154","АЛЬФА-ПВП  ""кристалл  Import""  NEW","1"
"Lepardo0","20.12.2020","86154","АЛЬФА-ПВП  ""кристалл  Import""  NEW","1"
"Lepardo0","20.12.2020","86154","АЛЬФА-ПВП  ""кристалл  Import""  NEW","1"
"Lepardo0","20.12.2020","86154","АЛЬФА-ПВП  ""кристалл  Import""  NEW","0.3"
"Lepardo0","20.12.2020","86154","АЛЬФА-ПВП  ""кристалл  Import""  NEW","0.3"
"Lepardo0","20.12.2020","86154","АЛЬФА-ПВП  ""кристалл  Import""  NEW","1"
"Lepardo0","20.12.2020","86154","АЛЬФА-ПВП  ""кристалл  Import""  NEW","0.3"
"Muslimchaika","20.12.2020","86154","АЛЬФА-ПВП ""DIAMOND PREMIUM""","1,5"
"Lepardo0","20.12.2020","86154","АЛЬФА-ПВП  ""кристалл  Import""  NEW","0.2"
"Lepardo0","20.12.2020","86154","АЛЬФА-ПВП  ""кристалл  Import""  NEW","0.3"
"Lepardo0","20.12.2020","86154","АЛЬФА-ПВП  ""кристалл  Import""  NEW","0.2"
"Lepardo0","20.12.2020","86154","АЛЬФА-ПВП  ""кристалл  Import""  NEW","0.2"
"Lepardo0","20.12.2020","86154","АЛЬФА-ПВП  ""кристалл  Import""  NEW","0.2"
"Lepardo0","20.12.2020","86154","АЛЬФА-ПВП  ""кристалл  Import""  NEW","0.2"
"Lepardo0","20.12.2020","90389","МЕТАДОН import ","0,15"
"Lepardo0","20.12.2020","90389","МЕТАДОН import ","0,15"
"Lepardo0","20.12.2020","90389","МЕТАДОН import ","0,15"
"Lepardo0","20.12.2020","90389","МЕТАДОН import ","0,15"
"Lepardo0","20.12.2020","86154","АЛЬФА-ПВП  ""кристалл  Import""  NEW","0.3"
"Lepardo0","20.12.2020","90389","МЕТАДОН import ","0,15"
"Kurik_One","21.12.2020","86154","АЛЬФА-ПВП  ""кристалл  Import""  NEW","0,25"
"Kurik_One","21.12.2020","86154","АЛЬФА-ПВП  ""кристалл  Import""  NEW","0,25"
"westmuslimchaika","21.12.2020","90389","МЕТАДОН import ","2"
"westmuslimchaika","21.12.2020","90389","МЕТАДОН import ","3"
"westmuslimchaika","21.12.2020","86154","АЛЬФА-ПВП  ""кристалл  Import""  NEW","10"
"Kurik_One","21.12.2020","86154","АЛЬФА-ПВП  ""кристалл  Import""  NEW","0,25"
"Kurik_One","21.12.2020","86154","АЛЬФА-ПВП  ""кристалл  Import""  NEW","0,25"
"Kurik_One","21.12.2020","86154","АЛЬФА-ПВП  ""кристалл  Import""  NEW","0,25"
"Kurik_One","21.12.2020","86154","АЛЬФА-ПВП  ""кристалл  Import""  NEW","0,25"
"Kurik_One","21.12.2020","86154","АЛЬФА-ПВП  ""кристалл  Import""  NEW","0,25"
"Kurik_One","21.12.2020","86154","АЛЬФА-ПВП  ""кристалл  Import""  NEW","0,25"
"Kurik_One","21.12.2020","86154","АЛЬФА-ПВП  ""кристалл  Import""  NEW","0,25"
"Kurik_One","21.12.2020","86154","АЛЬФА-ПВП  ""кристалл  Import""  NEW","0,25"
"Kurik_One","21.12.2020","86154","АЛЬФА-ПВП  ""кристалл  Import""  NEW","0,25"
"westmuslimchaika","21.12.2020","86154","АЛЬФА-ПВП  ""кристалл  Import""  NEW","10"
"westmuslimchaika","21.12.2020","90389","МЕТАДОН import ","3"
"","21.12.2020","86154","АЛЬФА-ПВП  ""кристалл  Import""  NEW","10"
"Kurik_One","21.12.2020","91842","Ice-o-Lator CRITICAL 2020","0,5"
"Kurik_One","21.12.2020","86154","АЛЬФА-ПВП  ""кристалл  Import""  NEW","0,25"
"Kurik_One","21.12.2020","86154","АЛЬФА-ПВП  ""кристалл  Import""  NEW","0,25"
"Kurik_One","21.12.2020","86154","АЛЬФА-ПВП  ""кристалл  Import""  NEW","0,25"
"westmuslimchaika","21.12.2020","90389","МЕТАДОН import ","2"
"Muslimchaika","22.12.2020","86154","АЛЬФА-ПВП  ""кристалл  Import""  NEW","1"
"Muslimchaika","22.12.2020","86154","АЛЬФА-ПВП  ""кристалл  Import""  NEW","1"
"westmuslimchaika","22.12.2020","221709","КОКАИН Колумбия FishScale","0,5"
"westmuslimchaika","22.12.2020","221709","КОКАИН Колумбия FishScale","0.33"
"Muslimchaika","22.12.2020","86154","АЛЬФА-ПВП  ""кристалл  Import""  NEW","2"
"Muslimchaika","22.12.2020","86154","АЛЬФА-ПВП  ""кристалл  Import""  NEW","2"
"Muslimchaika","22.12.2020","86154","АЛЬФА-ПВП  ""кристалл  Import""  NEW","2"
"Muslimchaika","22.12.2020","86154","АЛЬФА-ПВП  ""кристалл  Import""  NEW","2"
"Muslimchaika","22.12.2020","86154","АЛЬФА-ПВП  ""кристалл  Import""  NEW","1"
"Muslimchaika","22.12.2020","86154","АЛЬФА-ПВП  ""кристалл  Import""  NEW","1"
"Muslimchaika","22.12.2020","86154","АЛЬФА-ПВП  ""кристалл  Import""  NEW","1"
"Muslimchaika","22.12.2020","86154","АЛЬФА-ПВП  ""кристалл  Import""  NEW","1"
"","22.12.2020","86154","АЛЬФА-ПВП  ""кристалл  Import""  NEW","5"
"Muslimchaika","22.12.2020","86154","АЛЬФА-ПВП  ""кристалл  Import""  NEW","2"
"Muslimchaika","22.12.2020","86154","АЛЬФА-ПВП  ""кристалл  Import""  NEW","1"
"Muslimchaika","22.12.2020","86154","АЛЬФА-ПВП  ""кристалл  Import""  NEW","1"
"Muslimchaika","22.12.2020","86154","АЛЬФА-ПВП  ""кристалл  Import""  NEW","1"
"Muslimchaika","22.12.2020","86154","АЛЬФА-ПВП  ""кристалл  Import""  NEW","1"
"Muslimchaika","23.12.2020","86154","АЛЬФА-ПВП ""DIAMOND PREMIUM""","1,5"
"Muslimchaika","23.12.2020","86154","АЛЬФА-ПВП  ""кристалл  Import""  NEW","2"
"Muslimchaika","23.12.2020","86154","АЛЬФА-ПВП ""DIAMOND PREMIUM""","1,5"
"Muslimchaika","23.12.2020","86154","АЛЬФА-ПВП ""DIAMOND PREMIUM""","1,5"
"Muslimchaika","23.12.2020","86154","АЛЬФА-ПВП ""DIAMOND PREMIUM""","1,5"
"Muslimchaika","23.12.2020","86154","АЛЬФА-ПВП  ""кристалл  Import""  NEW","5"
"Muslimchaika","23.12.2020","86154","АЛЬФА-ПВП  ""кристалл  Import""  NEW","2"
"Muslimchaika","23.12.2020","86154","АЛЬФА-ПВП  ""кристалл  Import""  NEW","2"
"Muslimchaika","23.12.2020","86154","АЛЬФА-ПВП  ""кристалл  Import""  NEW","2"
"Muslimchaika","23.12.2020","86154","АЛЬФА-ПВП  ""кристалл  Import""  NEW","2"
"Muslimchaika","23.12.2020","86154","АЛЬФА-ПВП  ""кристалл  Import""  NEW","1"
"Muslimchaika","23.12.2020","86154","АЛЬФА-ПВП ""DIAMOND PREMIUM""","1,5"
"Muslimchaika","23.12.2020","86154","АЛЬФА-ПВП  ""кристалл  Import""  NEW","1"
"Muslimchaika","23.12.2020","86154","АЛЬФА-ПВП  ""кристалл  Import""  NEW","1"
"westmuslimchaika","23.12.2020","86154","АЛЬФА-ПВП  ""кристалл  Import""  NEW","20"
"Kurik_One","23.12.2020","86154","АЛЬФА-ПВП  ""кристалл  Import""  NEW","0,25"
"Kurik_One","23.12.2020","86154","АЛЬФА-ПВП  ""кристалл  Import""  NEW","0,25"
"Kurik_One","23.12.2020","86154","АЛЬФА-ПВП  ""кристалл  Import""  NEW","0,25"
"Emerictheevil","23.12.2020","86154","АЛЬФА-ПВП  ""кристалл  Import""  NEW","10"
"Muslimchaika","23.12.2020","86154","АЛЬФА-ПВП ""DIAMOND PREMIUM""","1,5"
"Muslimchaika","23.12.2020","86154","АЛЬФА-ПВП ""DIAMOND PREMIUM""","1,5"
"Muslimchaika","23.12.2020","86154","АЛЬФА-ПВП ""DIAMOND PREMIUM""","1,5"
"Muslimchaika","23.12.2020","86154","АЛЬФА-ПВП  ""кристалл  Import""  NEW","1"
"Kurik_One","23.12.2020","86154","АЛЬФА-ПВП  ""кристалл  Import""  NEW","0,25"
"Muslimchaika","23.12.2020","86154","АЛЬФА-ПВП  ""кристалл  Import""  NEW","1"
"Kurik_One","24.12.2020","86154","АЛЬФА-ПВП  ""кристалл  Import""  NEW","0,25"
"Kurik_One","24.12.2020","86154","АЛЬФА-ПВП  ""кристалл  Import""  NEW","2"
"Kurik_One","24.12.2020","86154","АЛЬФА-ПВП  ""кристалл  Import""  NEW","2"
"Kurik_One","24.12.2020","86154","АЛЬФА-ПВП  ""кристалл  Import""  NEW","1"
"Kurik_One","24.12.2020","86154","АЛЬФА-ПВП  ""кристалл  Import""  NEW","1"
"Kurik_One","24.12.2020","86154","АЛЬФА-ПВП  ""кристалл  Import""  NEW","0,25"
"Kurik_One","24.12.2020","86154","АЛЬФА-ПВП  ""кристалл  Import""  NEW","1"
"Kurik_One","24.12.2020","86154","АЛЬФА-ПВП  ""кристалл  Import""  NEW","1"
"Muslimchaika","24.12.2020","90389","МЕТАДОН import ","1"
"Muslimchaika","24.12.2020","90389","МЕТАДОН import ","1"
"Muslimchaika","24.12.2020","86154","АЛЬФА-ПВП  ""кристалл  Import""  NEW","2"
"Kurik_One","24.12.2020","86154","АЛЬФА-ПВП  ""кристалл  Import""  NEW","1"
"Kurik_One","24.12.2020","86154","АЛЬФА-ПВП  ""кристалл  Import""  NEW","0,25"
"Kurik_One","24.12.2020","86154","АЛЬФА-ПВП  ""кристалл  Import""  NEW","0,25"
"Kurik_One","24.12.2020","86154","АЛЬФА-ПВП  ""кристалл  Import""  NEW","0,25"
"Muslimchaika","24.12.2020","90389","МЕТАДОН import ","1"
"Muslimchaika","24.12.2020","90389","МЕТАДОН import ","1"
"Muslimchaika","24.12.2020","90389","МЕТАДОН import ","1"
"Muslimchaika","24.12.2020","86154","АЛЬФА-ПВП  ""кристалл  Import""  NEW","1"
"Muslimchaika","24.12.2020","86154","АЛЬФА-ПВП  ""кристалл  Import""  NEW","1"
"Muslimchaika","24.12.2020","86154","АЛЬФА-ПВП  ""кристалл  Import""  NEW","1"
"Muslimchaika","24.12.2020","86154","АЛЬФА-ПВП  ""кристалл  Import""  NEW","1"
"Muslimchaika","24.12.2020","86154","АЛЬФА-ПВП  ""кристалл  Import""  NEW","1"
"HS Support","24.12.2020","86221","РАБОТА ","1"
"westmuslimchaika","24.12.2020","86154","АЛЬФА-ПВП ""DIAMOND PREMIUM""","10"
"westmuslimchaika","24.12.2020","86154","АЛЬФА-ПВП  ""кристалл  Import""  NEW","20"
"Kurik_One","24.12.2020","86154","АЛЬФА-ПВП  ""кристалл  Import""  NEW","0,25"
"Kurik_One","24.12.2020","86154","АЛЬФА-ПВП  ""кристалл  Import""  NEW","0,5"
"Muslimchaika","24.12.2020","86154","АЛЬФА-ПВП  ""кристалл  Import""  NEW","2"
"Kurik_One","24.12.2020","86154","АЛЬФА-ПВП  ""кристалл  Import""  NEW","0,5"
"Kurik_One","24.12.2020","86154","АЛЬФА-ПВП  ""кристалл  Import""  NEW","0,5"
"Kurik_One","24.12.2020","86154","АЛЬФА-ПВП  ""кристалл  Import""  NEW","0,5"
"Muslimchaika","25.12.2020","86154","АЛЬФА-ПВП  ""кристалл  Import""  NEW","1"
"Lepardo0","25.12.2020","90389","МЕТАДОН import ","0,15"
"Lepardo0","25.12.2020","90389","МЕТАДОН import ","0,15"
"Lepardo0","25.12.2020","90389","МЕТАДОН import ","0,15"
"Lepardo0","25.12.2020","90389","МЕТАДОН import ","0,15"
"Lepardo0","25.12.2020","90389","МЕТАДОН import ","0,15"
"Muslimchaika","25.12.2020","86154","АЛЬФА-ПВП  ""кристалл  Import""  NEW","1"
"Muslimchaika","25.12.2020","86154","АЛЬФА-ПВП  ""кристалл  Import""  NEW","2"
"Muslimchaika","25.12.2020","86154","АЛЬФА-ПВП  ""кристалл  Import""  NEW","2"
"Muslimchaika","25.12.2020","86154","АЛЬФА-ПВП  ""кристалл  Import""  NEW","2"
"Kurik_One","25.12.2020","86154","АЛЬФА-ПВП  ""кристалл  Import""  NEW","0,25"
"Kurik_One","25.12.2020","86154","АЛЬФА-ПВП  ""кристалл  Import""  NEW","0,25"
"Kurik_One","25.12.2020","86154","АЛЬФА-ПВП  ""кристалл  Import""  NEW","0,25"
"Muslimchaika","25.12.2020","86154","АЛЬФА-ПВП  ""кристалл  Import""  NEW","5"
"Kurik_One","25.12.2020","86154","АЛЬФА-ПВП  ""кристалл  Import""  NEW","0,25"
"godozymandias","26.12.2020","86154","АЛЬФА-ПВП  ""кристалл  Import""  NEW","0.1"
"godozymandias","26.12.2020","86154","АЛЬФА-ПВП  ""кристалл  Import""  NEW","0.1"
"godozymandias","26.12.2020","86154","АЛЬФА-ПВП  ""кристалл  Import""  NEW","0.1"
"Muslimchaika","26.12.2020","86154","АЛЬФА-ПВП  ""кристалл  Import""  NEW","1"
"Muslimchaika","26.12.2020","86154","АЛЬФА-ПВП  ""кристалл  Import""  NEW","1"
"Muslimchaika","26.12.2020","86154","АЛЬФА-ПВП  ""кристалл  Import""  NEW","2"
"Muslimchaika","26.12.2020","86154","АЛЬФА-ПВП  ""кристалл  Import""  NEW","2"
"Muslimchaika","26.12.2020","86154","АЛЬФА-ПВП  ""кристалл  Import""  NEW","2"
"Muslimchaika","26.12.2020","86154","АЛЬФА-ПВП  ""кристалл  Import""  NEW","2"
"Muslimchaika","26.12.2020","86154","АЛЬФА-ПВП  ""кристалл  Import""  NEW","1"
"godozymandias","26.12.2020","86154","АЛЬФА-ПВП  ""кристалл  Import""  NEW","0.1"
"Muslimchaika","26.12.2020","86154","АЛЬФА-ПВП  ""кристалл  Import""  NEW","1"
"godozymandias","26.12.2020","86154","АЛЬФА-ПВП  ""кристалл  Import""  NEW","0.1"
"Muslimchaika","26.12.2020","86154","АЛЬФА-ПВП  ""кристалл  Import""  NEW","2"
"godozymandias","26.12.2020","86154","АЛЬФА-ПВП  ""кристалл  Import""  NEW","0.1"
"godozymandias","26.12.2020","86154","АЛЬФА-ПВП  ""кристалл  Import""  NEW","0.1"
"Kurik_One","26.12.2020","86154","АЛЬФА-ПВП  ""кристалл  Import""  NEW","0,25"
"Kurik_One","26.12.2020","86154","АЛЬФА-ПВП  ""кристалл  Import""  NEW","0,25"
"Kurik_One","26.12.2020","86154","АЛЬФА-ПВП  ""кристалл  Import""  NEW","0,5"
"Kurik_One","26.12.2020","86154","АЛЬФА-ПВП  ""кристалл  Import""  NEW","0,5"
"Muslimchaika","26.12.2020","86154","АЛЬФА-ПВП  ""кристалл  Import""  NEW","1"
"godozymandias","26.12.2020","86154","АЛЬФА-ПВП  ""кристалл  Import""  NEW","0.1"
"Kurik_One","26.12.2020","86154","АЛЬФА-ПВП  ""кристалл  Import""  NEW","0,25"
"godozymandias","26.12.2020","86154","АЛЬФА-ПВП  ""кристалл  Import""  NEW","0.1"
"godozymandias","26.12.2020","86154","АЛЬФА-ПВП  ""кристалл  Import""  NEW","0.1"
"godozymandias","26.12.2020","86154","АЛЬФА-ПВП  ""кристалл  Import""  NEW","0.1"
"godozymandias","26.12.2020","86154","АЛЬФА-ПВП  ""кристалл  Import""  NEW","0.1"
"godozymandias","26.12.2020","86154","АЛЬФА-ПВП  ""кристалл  Import""  NEW","0.1"
"godozymandias","26.12.2020","86154","АЛЬФА-ПВП  ""кристалл  Import""  NEW","0.1"
"godozymandias","26.12.2020","86154","АЛЬФА-ПВП  ""кристалл  Import""  NEW","0.1"
"godozymandias","27.12.2020","86154","АЛЬФА-ПВП  ""кристалл  Import""  NEW","0.2"
"westmuslimchaika","27.12.2020","86154","АЛЬФА-ПВП ""DIAMOND PREMIUM""","20"
"westmuslimchaika","27.12.2020","86154","АЛЬФА-ПВП ""DIAMOND PREMIUM""","10"
"westmuslimchaika","27.12.2020","86154","АЛЬФА-ПВП ""DIAMOND PREMIUM""","5"
"westmuslimchaika","27.12.2020","86154","АЛЬФА-ПВП ""DIAMOND PREMIUM""","20"
"westmuslimchaika","27.12.2020","86154","АЛЬФА-ПВП ""DIAMOND PREMIUM""","5"
"westmuslimchaika","27.12.2020","86154","АЛЬФА-ПВП ""DIAMOND PREMIUM""","5"
"godozymandias","27.12.2020","86154","АЛЬФА-ПВП  ""кристалл  Import""  NEW","0.2"
"westmuslimchaika","27.12.2020","86154","АЛЬФА-ПВП ""DIAMOND PREMIUM""","5"
"westmuslimchaika","27.12.2020","90389","МЕТАДОН import ","3"
"westmuslimchaika","27.12.2020","90389","МЕТАДОН import ","2"
"Muslimchaika","27.12.2020","86154","АЛЬФА-ПВП  ""кристалл  Import""  NEW","1"
"Muslimchaika","27.12.2020","86154","АЛЬФА-ПВП  ""кристалл  Import""  NEW","1"
"westmuslimchaika","27.12.2020","86154","АЛЬФА-ПВП ""DIAMOND PREMIUM""","10"
"godozymandias","27.12.2020","86154","АЛЬФА-ПВП  ""кристалл  Import""  NEW","0.2"
"godozymandias","27.12.2020","86154","АЛЬФА-ПВП  ""кристалл  Import""  NEW","0.2"
"godozymandias","27.12.2020","86154","АЛЬФА-ПВП  ""кристалл  Import""  NEW","0.2"
"Kurik_One","27.12.2020","86154","АЛЬФА-ПВП  ""кристалл  Import""  NEW","0,5"
"godozymandias","27.12.2020","86154","АЛЬФА-ПВП  ""кристалл  Import""  NEW","0.1"
"godozymandias","27.12.2020","86154","АЛЬФА-ПВП  ""кристалл  Import""  NEW","0.1"
"godozymandias","27.12.2020","86154","АЛЬФА-ПВП  ""кристалл  Import""  NEW","0.1"
"godozymandias","27.12.2020","86154","АЛЬФА-ПВП  ""кристалл  Import""  NEW","0.1"
"godozymandias","27.12.2020","86154","АЛЬФА-ПВП  ""кристалл  Import""  NEW","0.1"
"godozymandias","27.12.2020","86154","АЛЬФА-ПВП  ""кристалл  Import""  NEW","0.2"
"godozymandias","27.12.2020","86154","АЛЬФА-ПВП  ""кристалл  Import""  NEW","0.1"
"godozymandias","27.12.2020","86154","АЛЬФА-ПВП  ""кристалл  Import""  NEW","0.1"
"godozymandias","27.12.2020","86154","АЛЬФА-ПВП  ""кристалл  Import""  NEW","0.1"
"godozymandias","27.12.2020","86154","АЛЬФА-ПВП  ""кристалл  Import""  NEW","0.2"
"godozymandias","27.12.2020","86154","АЛЬФА-ПВП  ""кристалл  Import""  NEW","0.2"
"godozymandias","27.12.2020","86154","АЛЬФА-ПВП  ""кристалл  Import""  NEW","0.2"
"godozymandias","27.12.2020","86154","АЛЬФА-ПВП  ""кристалл  Import""  NEW","0.2"
"godozymandias","27.12.2020","86154","АЛЬФА-ПВП  ""кристалл  Import""  NEW","0.1"
"godozymandias","27.12.2020","86154","АЛЬФА-ПВП  ""кристалл  Import""  NEW","0.1"
"westmuslimchaika","28.12.2020","86154","АЛЬФА-ПВП ""DIAMOND PREMIUM""","2"
"Muslimchaika","28.12.2020","90389","МЕТАДОН import ","3"
"westmuslimchaika","28.12.2020","86154","АЛЬФА-ПВП ""DIAMOND PREMIUM""","2"
"Muslimchaika","28.12.2020","86154","АЛЬФА-ПВП  ""кристалл  Import""  NEW","1"
"Muslimchaika","28.12.2020","86154","АЛЬФА-ПВП  ""кристалл  Import""  NEW","1"
"Kurik_One","28.12.2020","86154","АЛЬФА-ПВП  ""кристалл  Import""  NEW","0,25"
"Kurik_One","28.12.2020","86154","АЛЬФА-ПВП  ""кристалл  Import""  NEW","0,25"
"Kurik_One","28.12.2020","86154","АЛЬФА-ПВП  ""кристалл  Import""  NEW","0,5"
"Kurik_One","28.12.2020","86154","АЛЬФА-ПВП  ""кристалл  Import""  NEW","0,25"
"Kurik_One","28.12.2020","86154","АЛЬФА-ПВП  ""кристалл  Import""  NEW","0,5"
"Kurik_One","28.12.2020","86154","АЛЬФА-ПВП  ""кристалл  Import""  NEW","0,25"
"Kurik_One","28.12.2020","86154","АЛЬФА-ПВП  ""кристалл  Import""  NEW","1"
"Kurik_One","28.12.2020","86154","АЛЬФА-ПВП  ""кристалл  Import""  NEW","1"
"Kurik_One","28.12.2020","86154","АЛЬФА-ПВП  ""кристалл  Import""  NEW","1"
"Kurik_One","28.12.2020","86154","АЛЬФА-ПВП  ""кристалл  Import""  NEW","1"
"Kurik_One","28.12.2020","86154","АЛЬФА-ПВП  ""кристалл  Import""  NEW","2"
"Kurik_One","28.12.2020","86154","АЛЬФА-ПВП  ""кристалл  Import""  NEW","0,25"
"westmuslimchaika","28.12.2020","86154","АЛЬФА-ПВП ""DIAMOND PREMIUM""","2"
"Muslimchaika","29.12.2020","86154","АЛЬФА-ПВП  ""кристалл  Import""  NEW","1"
"Kurik_One","29.12.2020","86154","АЛЬФА-ПВП  ""кристалл  Import""  NEW","1"
"Muslimchaika","29.12.2020","86154","АЛЬФА-ПВП  ""кристалл  Import""  NEW","1"
"Kurik_One","29.12.2020","86154","АЛЬФА-ПВП  ""кристалл  Import""  NEW","1"
"Kurik_One","30.12.2020","86154","АЛЬФА-ПВП  ""кристалл  Import""  NEW","0,5"
"Muslimchaika","30.12.2020","86154","АЛЬФА-ПВП  ""кристалл  Import""  NEW","2"
"Muslimchaika","30.12.2020","86154","АЛЬФА-ПВП  ""кристалл  Import""  NEW","2"
"Muslimchaika","30.12.2020","86154","АЛЬФА-ПВП  ""кристалл  Import""  NEW","2"
"Muslimchaika","30.12.2020","86154","АЛЬФА-ПВП  ""кристалл  Import""  NEW","2"
"Muslimchaika","30.12.2020","86154","АЛЬФА-ПВП  ""кристалл  Import""  NEW","2"
"Muslimchaika","30.12.2020","86154","АЛЬФА-ПВП  ""кристалл  Import""  NEW","1"
"Kurik_One","30.12.2020","86154","АЛЬФА-ПВП  ""кристалл  Import""  NEW","1"
"Kurik_One","30.12.2020","86154","АЛЬФА-ПВП  ""кристалл  Import""  NEW","0,5"
"Kurik_One","30.12.2020","86154","АЛЬФА-ПВП  ""кристалл  Import""  NEW","0,5"
"Kurik_One","30.12.2020","86154","АЛЬФА-ПВП  ""кристалл  Import""  NEW","0,5"
"Kurik_One","30.12.2020","86154","АЛЬФА-ПВП  ""кристалл  Import""  NEW","2"
"Kurik_One","30.12.2020","86154","АЛЬФА-ПВП  ""кристалл  Import""  NEW","0,25"
"Kurik_One","30.12.2020","86154","АЛЬФА-ПВП  ""кристалл  Import""  NEW","0,25"
"Kurik_One","30.12.2020","86154","АЛЬФА-ПВП  ""кристалл  Import""  NEW","0,25"
"Kurik_One","30.12.2020","86154","АЛЬФА-ПВП  ""кристалл  Import""  NEW","0,25"
"Kurik_One","30.12.2020","86154","АЛЬФА-ПВП  ""кристалл  Import""  NEW","0,5"
"Kurik_One","30.12.2020","86154","АЛЬФА-ПВП  ""кристалл  Import""  NEW","0,5"
"Kurik_One","30.12.2020","86154","АЛЬФА-ПВП  ""кристалл  Import""  NEW","0,5"
"Kurik_One","30.12.2020","86154","АЛЬФА-ПВП  ""кристалл  Import""  NEW","0,5"
"Kurik_One","30.12.2020","86154","АЛЬФА-ПВП  ""кристалл  Import""  NEW","0,5"
"Kurik_One","30.12.2020","86154","АЛЬФА-ПВП  ""кристалл  Import""  NEW","0,5"
